category,metric,value
PERIOD,baseline_available,True
PERIOD,current_snapshot_date,2026-09-27
PERIOD,previous_snapshot_date,2026-09-20
PERIOD,period_days,7
PERIOD,period_weeks,1.0
PERIOD,is_multi_week,False
PERIOD,note,Current comparison covers 7 days — treated as a single weekly snapshot.
NETWORK_GROWTH,connections_measured_this_week,True
NETWORK_GROWTH,total_connections_current,12958
NETWORK_GROWTH,total_connections_previous,12767
NETWORK_GROWTH,new_connections_count,213
NETWORK_GROWTH,new_connections_delta,191
NETWORK_GROWTH,new_connections_target_min,20
NETWORK_GROWTH,new_connections_target_max,40
NETWORK_GROWTH,new_connections_progress_pct,532.5
NETWORK_GROWTH,new_connections_status,AHEAD
NETWORK_GROWTH,new_connections_period_actual,213
NETWORK_GROWTH,new_connections_weekly_pace,213.0
NETWORK_GROWTH,new_connections_period_target_min,20.0
NETWORK_GROWTH,new_connections_period_target_max,40.0
NETWORK_GROWTH,gross_new_connections,213
NETWORK_GROWTH,net_connection_growth,191
NETWORK_GROWTH,connection_churn_or_removed_estimate,22
NETWORK_GROWTH,gross_vs_net_note,"Gross new connections can be higher than net growth when some prior connections disappear, are removed, or exports change."
STRATEGIC_GROWTH,new_latam_usd_connections,27
STRATEGIC_GROWTH,new_us_nearshore_connections,5
STRATEGIC_GROWTH,new_spain_eu_connections,2
STRATEGIC_GROWTH,new_global_staffing_connections,9
STRATEGIC_GROWTH,new_global_opportunity_connections,77
STRATEGIC_GROWTH,primary_focus_new_connections,59
STRATEGIC_GROWTH,primary_focus_weekly_pace,59.0
STRATEGIC_GROWTH,europe_exploratory_new_connections,4
STRATEGIC_GROWTH,europe_exploratory_period_actual,4
STRATEGIC_GROWTH,europe_exploratory_weekly_pace,4.0
STRATEGIC_GROWTH,europe_exploratory_weekly_target_min,5
STRATEGIC_GROWTH,europe_exploratory_weekly_target_max,10
STRATEGIC_GROWTH,europe_exploratory_period_target_min,5.0
STRATEGIC_GROWTH,europe_exploratory_period_target_max,10.0
STRATEGIC_GROWTH,europe_exploratory_pace_status,BELOW_TARGET
STRATEGIC_GROWTH,unclassified_new_connections,150
STRATEGIC_GROWTH,unclassified_share,0.7042
STRATEGIC_GROWTH,actual_primary_share,0.9365
STRATEGIC_GROWTH,actual_europe_share,0.0635
STRATEGIC_GROWTH,target_primary_share,0.9
STRATEGIC_GROWTH,target_europe_share,0.1
STRATEGIC_GROWTH,strategy_mix_status,ON_STRATEGY
STRATEGIC_GROWTH,classification_risk_status,CLASSIFICATION_BACKLOG_INCREASED
PERSONA_GROWTH,new_recruiters,52
PERSONA_GROWTH,new_recruiters_weekly_pace,52.0
PERSONA_GROWTH,new_talent_acquisition,71
PERSONA_GROWTH,new_talent_acquisition_weekly_pace,71.0
PERSONA_GROWTH,new_hiring_managers,0
PERSONA_GROWTH,new_hiring_managers_weekly_pace,0.0
PERSONA_GROWTH,new_data_leaders,4
PERSONA_GROWTH,new_data_leaders_weekly_pace,4.0
PERSONA_GROWTH,new_data_peers,6
PERSONA_GROWTH,new_data_peers_weekly_pace,6.0
PERSONA_GROWTH,new_executives,3
PERSONA_GROWTH,new_executives_weekly_pace,3.0
LEAD_REACTIVATION,conversations_current,5726
LEAD_REACTIVATION,conversations_previous,5524
LEAD_REACTIVATION,new_conversations_started,202
LEAD_REACTIVATION,new_conversations_weekly_pace,202.0
LEAD_REACTIVATION,reactivation_weekly_target_min,15
LEAD_REACTIVATION,reactivation_weekly_target_max,25
LEAD_REACTIVATION,reactivation_period_target_min,15.0
LEAD_REACTIVATION,reactivation_period_target_max,25.0
LEAD_REACTIVATION,reactivation_pace_status,AHEAD
LEAD_REACTIVATION,followups_due_current,1272
LEAD_REACTIVATION,needs_my_response_current,103
LEAD_REACTIVATION,needs_my_response_previous,103
LEAD_REACTIVATION,needs_my_response_delta,0
LEAD_REACTIVATION,hot_reactivation_current,195
LEAD_REACTIVATION,hot_reactivation_previous,183
LEAD_REACTIVATION,hot_reactivation_delta,12
LEAD_REACTIVATION,warm_reactivation_current,1031
LEAD_REACTIVATION,warm_reactivation_previous,1001
LEAD_REACTIVATION,warm_reactivation_delta,30
LEAD_REACTIVATION,dormant_warm_current,159
LEAD_REACTIVATION,rejected_closed_current,3
UNTAPPED_NETWORK,never_contacted_current,7258
UNTAPPED_NETWORK,never_contacted_previous,7267
UNTAPPED_NETWORK,high_value_untapped_current,16
UNTAPPED_NETWORK,high_value_untapped_previous,16
UNTAPPED_NETWORK,untapped_activated_this_week,9
UNTAPPED_NETWORK,untapped_activated_weekly_pace,9.0
UNTAPPED_NETWORK,untapped_outreach_weekly_target_min,10
UNTAPPED_NETWORK,untapped_outreach_weekly_target_max,20
UNTAPPED_NETWORK,untapped_activated_pace_status,BELOW_TARGET
UNTAPPED_NETWORK,new_connections_not_contacted_yet,60
UNTAPPED_NETWORK,untapped_queue_completed_estimate,20
UNTAPPED_NETWORK,untapped_backlog_change,0
UNTAPPED_NETWORK,available,True
TOP_CONTACTS,top_priority_contacts_current,282
TOP_CONTACTS,top_priority_contacts_previous,276
TOP_CONTACTS,outreach_adjusted_score_avg_current,48.6
TOP_CONTACTS,outreach_adjusted_score_avg_previous,48.7
DATA_QUALITY,needs_company_mapping_current,2484
DATA_QUALITY,needs_company_mapping_previous,2450
DATA_QUALITY,needs_company_mapping_delta,34
DATA_QUALITY,business_classification_coverage_current,99.1
DATA_QUALITY,confirmed_geographic_signals_current,3572
MANUAL_ACTIVITY,manual_activity_available,False
