company_name,company_follow_key,followed_on,days_since_followed,match_method,match_confidence,matched_connection_company_keys,matched_connection_count,likely_company_category,likely_opportunity_bucket,follow_signal_confidence,company_follow_reason
Oremota,oremota,2026-09-20,1,no_match,0.0,,0,,,0.0,"no company dictionary, keyword, or market signal found — needs manual review"
Suiteify,suiteify,2026-09-18,3,no_match,0.0,,0,,,0.0,"no company dictionary, keyword, or market signal found — needs manual review"
Ellis Group,ellis,2026-09-16,5,no_match,0.0,,0,,,0.0,"no company dictionary, keyword, or market signal found — needs manual review"
INSPYR Global Solutions,inspyr,2026-09-15,6,exact_normalized,0.95,inspyr,1,,GLOBAL_OPPORTUNITY,0.7,international/remote keyword in company name
Noblesoft Technologies,noblesoft,2026-09-10,11,exact_normalized,0.95,noblesoft,1,,,0.0,"no company dictionary, keyword, or market signal found — needs manual review"
Lenotis,lenotis,2026-09-10,11,no_match,0.0,,0,,,0.0,"no company dictionary, keyword, or market signal found — needs manual review"
American IT Systems,american it systems,2026-09-09,12,exact_normalized,0.95,american it systems,1,,,0.0,"no company dictionary, keyword, or market signal found — needs manual review"
Darwoft,darwoft,2026-09-09,12,no_match,0.0,,0,,,0.0,"no company dictionary, keyword, or market signal found — needs manual review"
Abstra,abstra,2026-09-08,13,no_match,0.0,,0,,,0.0,"no company dictionary, keyword, or market signal found — needs manual review"
Prosper Global,prosper,2026-09-08,13,no_match,0.0,,0,,GLOBAL_OPPORTUNITY,0.7,international/remote keyword in company name
Norlys,norlys,2026-09-08,13,no_match,0.0,,0,,,0.0,"no company dictionary, keyword, or market signal found — needs manual review"
GlobalTask,globaltask,2026-09-07,14,exact_normalized,0.95,globaltask,1,,,0.0,"no company dictionary, keyword, or market signal found — needs manual review"
Fraxion,fraxion,2026-09-04,17,no_match,0.0,,0,,,0.0,"no company dictionary, keyword, or market signal found — needs manual review"
Fiber Glass Systems,fiber glass systems,2026-09-04,17,no_match,0.0,,0,,,0.0,"no company dictionary, keyword, or market signal found — needs manual review"
Parser,parser,2026-09-03,18,exact_normalized,0.95,parser,2,,,0.0,"no company dictionary, keyword, or market signal found — needs manual review"
EON TECH,eon,2026-09-02,19,exact_normalized,0.95,eon,1,,,0.0,"no company dictionary, keyword, or market signal found — needs manual review"
Swisspower Renewables,swisspower renewables,2026-09-02,19,no_match,0.0,,0,,,0.0,"no company dictionary, keyword, or market signal found — needs manual review"
Sentio Group,sentio,2026-09-02,19,no_match,0.0,,0,,,0.0,"no company dictionary, keyword, or market signal found — needs manual review"
Key2 DataSyn,key2 datasyn,2026-09-01,20,no_match,0.0,,0,,,0.0,"no company dictionary, keyword, or market signal found — needs manual review"
Henkia,henkia,2026-09-01,20,no_match,0.0,,0,,,0.0,"no company dictionary, keyword, or market signal found — needs manual review"
Telnyx,telnyx,2026-08-28,24,exact_normalized,0.95,telnyx,1,,,0.0,"no company dictionary, keyword, or market signal found — needs manual review"
Dura Digital,dura,2026-08-27,25,exact_normalized,0.95,dura,1,,,0.0,"no company dictionary, keyword, or market signal found — needs manual review"
Ewents,ewents,2026-08-26,26,exact_normalized,0.95,ewents,1,,,0.0,"no company dictionary, keyword, or market signal found — needs manual review"
pulse by solutions,pulse by,2026-08-22,30,no_match,0.0,,0,,,0.0,"no company dictionary, keyword, or market signal found — needs manual review"
Celonis,celonis,2026-08-22,30,exact_normalized,0.95,celonis,4,,,0.0,"no company dictionary, keyword, or market signal found — needs manual review"
ENEFIT,enefit,2026-08-20,32,no_match,0.0,,0,,,0.0,"no company dictionary, keyword, or market signal found — needs manual review"
Epassi Deutschland,epassi deutschland,2026-08-19,33,exact_normalized,0.95,epassi deutschland,1,,,0.0,"no company dictionary, keyword, or market signal found — needs manual review"
WeCogno,wecogno,2026-08-19,33,exact_normalized,0.95,wecogno,3,,,0.0,"no company dictionary, keyword, or market signal found — needs manual review"
Limpotel Sol,limpotel sol,2026-08-17,35,no_match,0.0,,0,,,0.0,"no company dictionary, keyword, or market signal found — needs manual review"
MyControlHR,mycontrolhr,2026-08-17,35,no_match,0.0,,0,,,0.0,"no company dictionary, keyword, or market signal found — needs manual review"
Remote Job Hub,remote job hub,2026-08-17,35,no_match,0.0,,0,,GLOBAL_OPPORTUNITY,0.7,international/remote keyword in company name
Rising Capital Humano,rising capital humano,2026-08-14,38,token_overlap_fuzzy,0.78,elos capital humano,1,,,0.0,"no company dictionary, keyword, or market signal found — needs manual review"
Cloud Employee,cloud employee,2026-08-14,38,exact_normalized,0.95,cloud employee,2,,,0.0,"no company dictionary, keyword, or market signal found — needs manual review"
Recrucial,recrucial,2026-08-14,38,exact_normalized,0.95,recrucial,1,,,0.0,"no company dictionary, keyword, or market signal found — needs manual review"
"Svitla Systems, Inc.",svitla systems,2026-08-13,39,exact_normalized,0.95,svitla systems,1,,,0.0,"no company dictionary, keyword, or market signal found — needs manual review"
Tree Immersion Technologies,tree immersion,2026-08-12,40,no_match,0.0,,0,,,0.0,"no company dictionary, keyword, or market signal found — needs manual review"
Prodezk,prodezk,2026-08-11,41,exact_normalized,0.95,prodezk,1,,,0.0,"no company dictionary, keyword, or market signal found — needs manual review"
SGS,sgs,2026-08-11,41,exact_normalized,0.95,sgs,2,GLOBAL_CONSULTING,GLOBAL_CONSULTING,0.9,exact company dictionary match: sgs
Miner,miner,2026-08-06,46,exact_normalized,0.95,miner,1,,,0.0,"no company dictionary, keyword, or market signal found — needs manual review"
Remote Jobs,remote jobs,2026-08-05,47,no_match,0.0,,0,,GLOBAL_OPPORTUNITY,0.7,international/remote keyword in company name
Charterhouse Partnership,charterhouse partnership,2026-08-05,47,no_match,0.0,,0,,,0.0,"no company dictionary, keyword, or market signal found — needs manual review"
George Bernard Consulting | Jobs,george bernard jobs,2026-08-04,48,substring_containment,0.85,george bernard,1,GLOBAL_CONSULTING,GLOBAL_OPPORTUNITY,0.75,consulting/advisory keyword in company name
Listo,listo,2026-08-04,48,exact_normalized,0.95,listo,1,,,0.0,"no company dictionary, keyword, or market signal found — needs manual review"
Halian,halian,2026-08-04,48,no_match,0.0,,0,,,0.0,"no company dictionary, keyword, or market signal found — needs manual review"
AjaxTI,ajaxti,2026-08-03,49,no_match,0.0,,0,,,0.0,"no company dictionary, keyword, or market signal found — needs manual review"
KPMG Middle East,kpmg middle east,2026-08-01,51,no_match,0.0,,0,,,0.0,"no company dictionary, keyword, or market signal found — needs manual review"
Vagas GSW Software,vagas gsw software,2026-07-31,52,no_match,0.0,,0,,,0.0,"no company dictionary, keyword, or market signal found — needs manual review"
Klube Capital,klube capital,2026-07-29,54,no_match,0.0,,0,,,0.0,"no company dictionary, keyword, or market signal found — needs manual review"
Naresh i Technologies,naresh i,2026-07-27,56,no_match,0.0,,0,,,0.0,"no company dictionary, keyword, or market signal found — needs manual review"
Entrepreneur Stories,entrepreneur stories,2026-07-25,58,no_match,0.0,,0,,,0.0,"no company dictionary, keyword, or market signal found — needs manual review"
Adastra,adastra,2026-07-25,58,exact_normalized,0.95,adastra,1,,,0.0,"no company dictionary, keyword, or market signal found — needs manual review"
Mitratech,mitratech,2026-07-22,61,no_match,0.0,,0,,,0.0,"no company dictionary, keyword, or market signal found — needs manual review"
The Right Hire Latam,the right hire,2026-07-22,61,no_match,0.0,,0,,LATAM_USD_LIKELY,0.85,LATAM/nearshore keyword in company name
Ascentt,ascentt,2026-07-22,61,exact_normalized,0.95,ascentt,1,,,0.0,"no company dictionary, keyword, or market signal found — needs manual review"
Joyit,joyit,2026-07-21,62,no_match,0.0,,0,,,0.0,"no company dictionary, keyword, or market signal found — needs manual review"
Knowtrex GmbH,knowtrex,2026-07-20,63,no_match,0.0,,0,,,0.0,"no company dictionary, keyword, or market signal found — needs manual review"
Muttdata,muttdata,2026-07-17,66,no_match,0.0,,0,,,0.0,"no company dictionary, keyword, or market signal found — needs manual review"
TechBridge,techbridge,2026-07-17,66,exact_normalized,0.95,techbridge,2,,,0.0,"no company dictionary, keyword, or market signal found — needs manual review"
FitNext Co.,fitnext,2026-07-16,67,token_overlap_fuzzy,0.78,fitnext co,2,,,0.0,"no company dictionary, keyword, or market signal found — needs manual review"
CLOOUD,clooud,2026-07-16,67,no_match,0.0,,0,,,0.0,"no company dictionary, keyword, or market signal found — needs manual review"
AIVI,aivi,2026-07-16,67,no_match,0.0,,0,,,0.0,"no company dictionary, keyword, or market signal found — needs manual review"
Kopius,kopius,2026-07-16,67,exact_normalized,0.95,kopius,2,,,0.0,"no company dictionary, keyword, or market signal found — needs manual review"
Instituto Daryus,instituto daryus,2026-07-15,68,no_match,0.0,,0,,,0.0,"no company dictionary, keyword, or market signal found — needs manual review"
Mas Insights,mas insights,2026-07-14,69,no_match,0.0,,0,,,0.0,"no company dictionary, keyword, or market signal found — needs manual review"
Data Meaning,data meaning,2026-07-11,72,exact_normalized,0.95,data meaning,1,,,0.0,"no company dictionary, keyword, or market signal found — needs manual review"
Munich Re Specialty,munich re specialty,2026-07-11,72,no_match,0.0,,0,,,0.0,"no company dictionary, keyword, or market signal found — needs manual review"
PiplNow LLC,piplnow,2026-07-07,76,exact_normalized,0.95,piplnow,1,,,0.0,"no company dictionary, keyword, or market signal found — needs manual review"
Pixida do Brasil,pixida do,2026-07-06,77,exact_normalized,0.95,pixida do,2,,,0.0,"no company dictionary, keyword, or market signal found — needs manual review"
Key2 Research,key2 research,2026-07-06,77,no_match,0.0,,0,,,0.0,"no company dictionary, keyword, or market signal found — needs manual review"
Talentful,talentful,2026-07-04,79,exact_normalized,0.95,talentful,1,,,0.0,"no company dictionary, keyword, or market signal found — needs manual review"
NewPoint Information Technology Consulting,newpoint information,2026-07-03,80,substring_containment,0.85,newpoint information and,1,GLOBAL_CONSULTING,GLOBAL_OPPORTUNITY,0.75,consulting/advisory keyword in company name
Principal Financial Group,principal financial,2026-07-03,80,no_match,0.0,,0,,,0.0,"no company dictionary, keyword, or market signal found — needs manual review"
NIR-YU,nir yu,2026-07-02,81,no_match,0.0,,0,,,0.0,"no company dictionary, keyword, or market signal found — needs manual review"
Prosas,prosas,2026-07-02,81,no_match,0.0,,0,,,0.0,"no company dictionary, keyword, or market signal found — needs manual review"
TeamUp,teamup,2026-07-02,81,exact_normalized,0.95,teamup,2,,,0.0,"no company dictionary, keyword, or market signal found — needs manual review"
INFOMOTION GmbH,infomotion,2026-07-02,81,exact_normalized,0.95,infomotion,1,,,0.0,"no company dictionary, keyword, or market signal found — needs manual review"
Grupo Educacional Primum,grupo educacional primum,2026-07-02,81,exact_normalized,0.95,grupo educacional primum,1,,,0.0,"no company dictionary, keyword, or market signal found — needs manual review"
Exadel People,exadel people,2026-07-01,82,token_overlap_fuzzy,0.78,exadel,1,,,0.0,"no company dictionary, keyword, or market signal found — needs manual review"
Insi,insi,2026-07-01,82,exact_normalized,0.95,insi,9,,,0.0,"no company dictionary, keyword, or market signal found — needs manual review"
BIGCORE,bigcore,2026-07-01,82,no_match,0.0,,0,,,0.0,"no company dictionary, keyword, or market signal found — needs manual review"
ExploreK12,explorek12,2026-07-01,82,no_match,0.0,,0,,,0.0,"no company dictionary, keyword, or market signal found — needs manual review"
Nitka,nitka,2026-06-30,83,exact_normalized,0.95,nitka,2,,,0.0,"no company dictionary, keyword, or market signal found — needs manual review"
WPP Enterprise Solutions,wpp enterprise,2026-06-30,83,exact_normalized,0.95,wpp enterprise,1,,,0.0,"no company dictionary, keyword, or market signal found — needs manual review"
Infracommerce Latam,infracommerce,2026-06-29,84,exact_normalized,0.95,infracommerce,1,,LATAM_USD_LIKELY,0.85,LATAM/nearshore keyword in company name
Hireincrypto,hireincrypto,2026-06-26,87,no_match,0.0,,0,,,0.0,"no company dictionary, keyword, or market signal found — needs manual review"
Extractta,extractta,2026-06-25,88,exact_normalized,0.95,extractta,1,,,0.0,"no company dictionary, keyword, or market signal found — needs manual review"
Latino Legends,latino legends,2026-06-24,89,no_match,0.0,,0,,,0.0,"no company dictionary, keyword, or market signal found — needs manual review"
Sylvamo,sylvamo,2026-06-23,90,no_match,0.0,,0,,,0.0,"no company dictionary, keyword, or market signal found — needs manual review"
Neohype,neohype,2026-06-23,90,no_match,0.0,,0,,,0.0,"no company dictionary, keyword, or market signal found — needs manual review"
Cteam-Gruppe,cteam gruppe,2026-06-23,90,no_match,0.0,,0,,,0.0,"no company dictionary, keyword, or market signal found — needs manual review"
Insight Kitchen,insight kitchen,2026-06-22,91,no_match,0.0,,0,,,0.0,"no company dictionary, keyword, or market signal found — needs manual review"
BasaGo Jobs,basago jobs,2026-06-19,94,no_match,0.0,,0,,,0.0,"no company dictionary, keyword, or market signal found — needs manual review"
National Armaments Director Group,national armaments director,2026-06-17,96,no_match,0.0,,0,,,0.0,"no company dictionary, keyword, or market signal found — needs manual review"
Nimble.LA,nimble la,2026-06-16,97,token_overlap_fuzzy,0.78,nimble gravity; nimble.la,3,,,0.0,"no company dictionary, keyword, or market signal found — needs manual review"
Onze IT,onze it,2026-06-16,97,exact_normalized,0.95,onze it,1,,,0.0,"no company dictionary, keyword, or market signal found — needs manual review"
OCX,ocx,2026-06-11,102,no_match,0.0,,0,,,0.0,"no company dictionary, keyword, or market signal found — needs manual review"
NJF Global Holdings Ltd,njf,2026-06-09,104,exact_normalized,0.95,njf,1,,GLOBAL_OPPORTUNITY,0.7,international/remote keyword in company name
JobMetasearch,jobmetasearch,2026-06-09,104,exact_normalized,0.95,jobmetasearch,1,,,0.0,"no company dictionary, keyword, or market signal found — needs manual review"
Zukk,zukk,2026-06-08,105,exact_normalized,0.95,zukk,2,,,0.0,"no company dictionary, keyword, or market signal found — needs manual review"
