company_name,normalized_company,current_bucket,suggested_bucket,suggested_category,confidence,manual_review_required,matched_connection_count,matched_recruiters,matched_talent_acquisition,matched_hiring_managers,matched_data_leaders,matched_top_contacts,matched_untapped_contacts,matched_lead_reactivation_contacts,matched_inbound_opportunities,matched_usd_crm_leads,matched_soft_closed_leads,followed_company_signal,recently_followed_signal,message_history_signal,opportunity_history_signal,usd_signal,latam_signal,us_canada_signal,spain_eu_signal,global_staffing_signal,global_consulting_signal,reason_short,impact_if_mapped,priority_score,yaml_suggestion
DIS AG,dis,NEEDS_COMPANY_MAPPING,GLOBAL_OPPORTUNITY,,0.55,True,9,1,0,0,0,0,8,1,0,1,0,False,False,True,True,False,False,False,False,False,False,"recruiter/TA or opportunity-history signal present, region unresolved",8,99,"  ""dis ag"": {market: GLOBAL_OPPORTUNITY_UNRESOLVED_REGION, category: GLOBAL_OPPORTUNITY}"
Shopee,shopee,NEEDS_COMPANY_MAPPING,GLOBAL_OPPORTUNITY,,0.55,True,11,0,0,0,1,0,8,3,0,3,0,False,False,True,True,False,False,False,False,False,False,"recruiter/TA or opportunity-history signal present, region unresolved",6,89,"  ""shopee"": {market: GLOBAL_OPPORTUNITY_UNRESOLVED_REGION, category: GLOBAL_OPPORTUNITY}"
SAUTER,sauter,NEEDS_COMPANY_MAPPING,GLOBAL_OPPORTUNITY,,0.55,True,6,0,1,0,0,0,1,5,0,5,0,False,False,True,True,False,False,False,False,False,False,"recruiter/TA or opportunity-history signal present, region unresolved",4,75,"  ""sauter"": {market: GLOBAL_OPPORTUNITY_UNRESOLVED_REGION, category: GLOBAL_OPPORTUNITY}
  ""sauter"": {market: GLOBAL_OPPORTUNITY_UNRESOLVED_REGION, category: GLOBAL_OPPORTUNITY}"
KWS Group,kws,NEEDS_COMPANY_MAPPING,GLOBAL_OPPORTUNITY,,0.55,True,8,0,2,0,0,0,3,5,0,0,0,False,False,True,True,False,False,False,False,False,False,"recruiter/TA or opportunity-history signal present, region unresolved",5,71,"  ""kws group"": {market: GLOBAL_OPPORTUNITY_UNRESOLVED_REGION, category: GLOBAL_OPPORTUNITY}"
Compass UOL,compass uol,NEEDS_COMPANY_MAPPING,GLOBAL_OPPORTUNITY,,0.55,True,11,1,0,0,1,0,9,2,0,2,0,False,False,True,True,False,False,False,False,False,False,"recruiter/TA or opportunity-history signal present, region unresolved",4,69,"  ""compass uol"": {market: GLOBAL_OPPORTUNITY_UNRESOLVED_REGION, category: GLOBAL_OPPORTUNITY}"
Natura,natura,NEEDS_COMPANY_MAPPING,GLOBAL_OPPORTUNITY,,0.55,True,9,0,0,1,0,0,8,1,0,1,0,False,False,True,True,False,False,False,False,False,False,"recruiter/TA or opportunity-history signal present, region unresolved",5,68,"  ""natura"": {market: GLOBAL_OPPORTUNITY_UNRESOLVED_REGION, category: GLOBAL_OPPORTUNITY}"
Cadastra,cadastra,NEEDS_COMPANY_MAPPING,GLOBAL_OPPORTUNITY,,0.55,True,9,0,2,0,0,0,8,1,0,1,0,False,False,True,True,False,False,False,False,False,False,"recruiter/TA or opportunity-history signal present, region unresolved",4,62,"  ""cadastra"": {market: GLOBAL_OPPORTUNITY_UNRESOLVED_REGION, category: GLOBAL_OPPORTUNITY}"
NUMEN,numen,NEEDS_COMPANY_MAPPING,GLOBAL_OPPORTUNITY,,0.55,True,5,0,0,0,0,0,3,2,0,1,0,False,False,True,True,False,False,False,False,False,False,"recruiter/TA or opportunity-history signal present, region unresolved",5,61,"  ""numen"": {market: GLOBAL_OPPORTUNITY_UNRESOLVED_REGION, category: GLOBAL_OPPORTUNITY}"
Neon,neon,NEEDS_COMPANY_MAPPING,GLOBAL_OPPORTUNITY,,0.55,True,4,0,0,0,0,0,1,3,0,3,0,False,False,True,True,False,False,False,False,False,False,"recruiter/TA or opportunity-history signal present, region unresolved",4,59,"  ""neon"": {market: GLOBAL_OPPORTUNITY_UNRESOLVED_REGION, category: GLOBAL_OPPORTUNITY}"
Progressive Recruitment,progressive recruitment,NEEDS_COMPANY_MAPPING,GLOBAL_STAFFING,GLOBAL_STAFFING,0.8,True,5,0,0,0,0,0,4,1,0,0,0,False,False,True,True,False,False,False,False,True,False,staffing/recruiting keyword in company name,5,56,"  ""progressive recruitment"": {market: GLOBAL_STAFFING, category: GLOBAL_STAFFING}"
Taylor Hopkinson | Powered by Brunel,taylor hopkinson | powered by brunel,NEEDS_COMPANY_MAPPING,NEEDS_COMPANY_MAPPING,,0.0,True,6,0,0,0,0,0,6,0,0,0,0,False,False,False,False,False,False,False,False,False,False,"no keyword, dictionary, persona, or message signal found — needs manual research",5,56,
SOUTH SYSTEM,south system,NEEDS_COMPANY_MAPPING,GLOBAL_OPPORTUNITY,,0.55,True,4,0,0,0,0,0,2,2,0,2,0,False,False,True,True,False,False,False,False,False,False,"recruiter/TA or opportunity-history signal present, region unresolved",4,54,"  ""south system"": {market: GLOBAL_OPPORTUNITY_UNRESOLVED_REGION, category: GLOBAL_OPPORTUNITY}"
Maxxi,maxxi,NEEDS_COMPANY_MAPPING,GLOBAL_OPPORTUNITY,,0.55,True,6,1,0,0,1,0,2,4,0,4,0,False,False,True,True,False,False,False,False,False,False,"recruiter/TA or opportunity-history signal present, region unresolved",2,54,"  ""maxxi"": {market: GLOBAL_OPPORTUNITY_UNRESOLVED_REGION, category: GLOBAL_OPPORTUNITY}"
banco BV,banco,NEEDS_COMPANY_MAPPING,GLOBAL_OPPORTUNITY,,0.55,True,8,0,0,0,0,0,7,1,0,1,0,False,False,True,True,False,False,False,False,False,False,"recruiter/TA or opportunity-history signal present, region unresolved",4,53,"  ""banco bv"": {market: GLOBAL_OPPORTUNITY_UNRESOLVED_REGION, category: GLOBAL_OPPORTUNITY}"
Grupo MAG,grupo mag,NEEDS_COMPANY_MAPPING,GLOBAL_OPPORTUNITY,,0.55,True,5,0,0,0,0,0,4,1,0,1,0,False,False,True,True,False,False,False,False,False,False,"recruiter/TA or opportunity-history signal present, region unresolved",4,50,"  ""grupo mag"": {market: GLOBAL_OPPORTUNITY_UNRESOLVED_REGION, category: GLOBAL_OPPORTUNITY}"
The HEINEKEN Company,the heineken company,NEEDS_COMPANY_MAPPING,GLOBAL_OPPORTUNITY,,0.55,True,5,0,0,0,0,0,4,1,0,1,0,False,False,True,True,False,False,False,False,False,False,"recruiter/TA or opportunity-history signal present, region unresolved",4,50,"  ""the heineken company"": {market: GLOBAL_OPPORTUNITY_UNRESOLVED_REGION, category: GLOBAL_OPPORTUNITY}"
Elevation Group,elevation,NEEDS_COMPANY_MAPPING,GLOBAL_OPPORTUNITY,,0.55,True,4,0,0,0,0,0,3,1,0,1,0,False,False,True,True,False,False,False,False,False,False,"recruiter/TA or opportunity-history signal present, region unresolved",4,49,"  ""elevation"": {market: GLOBAL_OPPORTUNITY_UNRESOLVED_REGION, category: GLOBAL_OPPORTUNITY}
  ""elevation group"": {market: GLOBAL_OPPORTUNITY_UNRESOLVED_REGION, category: GLOBAL_OPPORTUNITY}"
Kienbaum,kienbaum,NEEDS_COMPANY_MAPPING,NEEDS_COMPANY_MAPPING,,0.0,True,5,0,0,0,1,0,5,0,0,0,0,False,False,False,False,False,False,False,False,False,False,"no keyword, dictionary, persona, or message signal found — needs manual research",4,48,
Straumann Group,straumann,NEEDS_COMPANY_MAPPING,GLOBAL_OPPORTUNITY,,0.55,True,5,0,1,0,1,0,4,1,0,1,0,False,False,True,True,False,False,False,False,False,False,"recruiter/TA or opportunity-history signal present, region unresolved",3,47,"  ""straumann group"": {market: GLOBAL_OPPORTUNITY_UNRESOLVED_REGION, category: GLOBAL_OPPORTUNITY}"
AltoQi,altoqi,NEEDS_COMPANY_MAPPING,GLOBAL_OPPORTUNITY,,0.55,True,7,0,1,0,0,0,6,1,0,1,0,False,False,True,True,False,False,False,False,False,False,"recruiter/TA or opportunity-history signal present, region unresolved",3,46,"  ""altoqi"": {market: GLOBAL_OPPORTUNITY_UNRESOLVED_REGION, category: GLOBAL_OPPORTUNITY}"
Autônoma,autônoma,NEEDS_COMPANY_MAPPING,GLOBAL_OPPORTUNITY,,0.55,True,4,0,0,0,0,0,2,2,0,2,0,False,False,True,True,False,False,False,False,False,False,"recruiter/TA or opportunity-history signal present, region unresolved",3,44,"  ""autônoma"": {market: GLOBAL_OPPORTUNITY_UNRESOLVED_REGION, category: GLOBAL_OPPORTUNITY}"
Wellhub,wellhub,NEEDS_COMPANY_MAPPING,NEEDS_COMPANY_MAPPING,,0.0,True,4,0,0,0,0,0,4,0,0,0,0,False,False,False,False,False,False,False,False,False,False,"no keyword, dictionary, persona, or message signal found — needs manual research",4,44,
Talent Match,talent match,NEEDS_COMPANY_MAPPING,GLOBAL_STAFFING,GLOBAL_STAFFING,0.8,True,4,0,0,0,0,0,4,0,0,0,0,False,False,False,False,False,False,False,False,True,False,staffing/recruiting keyword in company name,4,44,"  ""talent match"": {market: GLOBAL_STAFFING, category: GLOBAL_STAFFING}"
IKONS Ibérica,ikons ibérica,NEEDS_COMPANY_MAPPING,GLOBAL_OPPORTUNITY,,0.55,True,3,1,0,0,0,0,0,3,0,3,0,False,False,True,True,False,False,False,False,False,False,"recruiter/TA or opportunity-history signal present, region unresolved",2,43,"  ""ikons ibérica"": {market: GLOBAL_OPPORTUNITY_UNRESOLVED_REGION, category: GLOBAL_OPPORTUNITY}"
Ratbacher GmbH,ratbacher,NEEDS_COMPANY_MAPPING,GLOBAL_OPPORTUNITY,,0.55,True,4,0,0,0,1,0,3,1,0,1,0,False,False,True,True,False,False,False,False,False,False,"recruiter/TA or opportunity-history signal present, region unresolved",3,42,"  ""ratbacher gmbh"": {market: GLOBAL_OPPORTUNITY_UNRESOLVED_REGION, category: GLOBAL_OPPORTUNITY}"
BEES,bees,NEEDS_COMPANY_MAPPING,GLOBAL_OPPORTUNITY,,0.55,True,4,0,0,0,1,0,3,1,0,1,0,False,False,True,True,False,False,False,False,False,False,"recruiter/TA or opportunity-history signal present, region unresolved",3,42,"  ""bees"": {market: GLOBAL_OPPORTUNITY_UNRESOLVED_REGION, category: GLOBAL_OPPORTUNITY}"
Selbstständig,selbstständig,NEEDS_COMPANY_MAPPING,GLOBAL_OPPORTUNITY,,0.55,True,4,1,0,0,0,0,2,2,0,0,0,False,False,True,True,False,False,False,False,False,False,"recruiter/TA or opportunity-history signal present, region unresolved",3,41,"  ""selbstständig"": {market: GLOBAL_OPPORTUNITY_UNRESOLVED_REGION, category: GLOBAL_OPPORTUNITY}"
Banco Bmg,banco bmg,NEEDS_COMPANY_MAPPING,GLOBAL_OPPORTUNITY,,0.55,True,5,0,0,0,0,0,4,1,0,1,0,False,False,True,True,False,False,False,False,False,False,"recruiter/TA or opportunity-history signal present, region unresolved",3,40,"  ""banco bmg"": {market: GLOBAL_OPPORTUNITY_UNRESOLVED_REGION, category: GLOBAL_OPPORTUNITY}"
Parser,parser,NEEDS_COMPANY_MAPPING,GLOBAL_OPPORTUNITY,,0.55,True,2,0,0,0,0,0,0,2,0,2,0,True,True,True,True,False,False,False,False,False,False,"recruiter/TA or opportunity-history signal present, region unresolved",2,40,"  ""parser"": {market: GLOBAL_OPPORTUNITY_UNRESOLVED_REGION, category: GLOBAL_OPPORTUNITY}"
Kenvue,kenvue,NEEDS_COMPANY_MAPPING,GLOBAL_OPPORTUNITY,,0.55,True,4,0,0,0,0,0,3,1,0,1,0,False,False,True,True,False,False,False,False,False,False,"recruiter/TA or opportunity-history signal present, region unresolved",3,39,"  ""kenvue"": {market: GLOBAL_OPPORTUNITY_UNRESOLVED_REGION, category: GLOBAL_OPPORTUNITY}"
Equifax I BoaVista,equifax i boavista,NEEDS_COMPANY_MAPPING,GLOBAL_OPPORTUNITY,,0.55,True,4,0,0,0,0,0,3,1,0,1,0,False,False,True,True,False,False,False,False,False,False,"recruiter/TA or opportunity-history signal present, region unresolved",3,39,"  ""equifax i boavista"": {market: GLOBAL_OPPORTUNITY_UNRESOLVED_REGION, category: GLOBAL_OPPORTUNITY}"
Customertimes,customertimes,NEEDS_COMPANY_MAPPING,LATAM_USD_LIKELY,,0.7,True,3,0,1,0,0,0,1,2,1,1,0,False,False,True,True,True,True,True,False,False,False,LATAM signal from message/opportunity history,2,39,"  ""customertimes"": {market: LATAM_USD, category: GLOBAL_OPPORTUNITY}"
Aliare,aliare,NEEDS_COMPANY_MAPPING,NEEDS_COMPANY_MAPPING,,0.0,True,9,0,0,0,0,0,9,0,0,0,0,False,False,False,False,False,False,False,False,False,False,"no keyword, dictionary, persona, or message signal found — needs manual research",3,39,
El Corte Inglés,el corte inglés,NEEDS_COMPANY_MAPPING,GLOBAL_OPPORTUNITY,,0.55,True,4,0,0,0,0,0,3,1,0,1,0,False,False,True,True,False,False,False,False,False,False,"recruiter/TA or opportunity-history signal present, region unresolved",3,39,"  ""el corte inglés"": {market: GLOBAL_OPPORTUNITY_UNRESOLVED_REGION, category: GLOBAL_OPPORTUNITY}"
FERCHAU,ferchau,NEEDS_COMPANY_MAPPING,GLOBAL_OPPORTUNITY,,0.55,True,4,0,1,0,0,0,3,1,0,0,0,False,False,True,True,False,False,False,False,False,False,"recruiter/TA or opportunity-history signal present, region unresolved",3,39,"  ""ferchau"": {market: GLOBAL_OPPORTUNITY_UNRESOLVED_REGION, category: GLOBAL_OPPORTUNITY}"
Leega,leega,NEEDS_COMPANY_MAPPING,GLOBAL_OPPORTUNITY,,0.55,True,4,0,0,0,0,0,3,1,0,1,0,False,False,True,True,False,False,False,False,False,False,"recruiter/TA or opportunity-history signal present, region unresolved",3,39,"  ""leega"": {market: GLOBAL_OPPORTUNITY_UNRESOLVED_REGION, category: GLOBAL_OPPORTUNITY}"
Vericode,vericode,NEEDS_COMPANY_MAPPING,GLOBAL_OPPORTUNITY,,0.55,True,3,1,0,0,0,0,1,2,0,2,0,False,False,True,True,False,False,False,False,False,False,"recruiter/TA or opportunity-history signal present, region unresolved",2,38,"  ""vericode"": {market: GLOBAL_OPPORTUNITY_UNRESOLVED_REGION, category: GLOBAL_OPPORTUNITY}"
YDUQS,yduqs,NEEDS_COMPANY_MAPPING,GLOBAL_OPPORTUNITY,,0.55,True,5,0,0,0,1,0,3,2,0,2,0,False,False,True,True,False,False,False,False,False,False,"recruiter/TA or opportunity-history signal present, region unresolved",2,38,"  ""yduqs"": {market: GLOBAL_OPPORTUNITY_UNRESOLVED_REGION, category: GLOBAL_OPPORTUNITY}"
Grupo Sabin,grupo sabin,NEEDS_COMPANY_MAPPING,GLOBAL_OPPORTUNITY,,0.55,True,3,0,0,0,0,0,0,3,0,3,0,False,False,True,True,False,False,False,False,False,False,"recruiter/TA or opportunity-history signal present, region unresolved",2,38,"  ""grupo sabin"": {market: GLOBAL_OPPORTUNITY_UNRESOLVED_REGION, category: GLOBAL_OPPORTUNITY}"
Visagio,visagio,NEEDS_COMPANY_MAPPING,GLOBAL_OPPORTUNITY,,0.55,True,3,0,0,0,0,0,2,1,0,1,0,False,False,True,True,False,False,False,False,False,False,"recruiter/TA or opportunity-history signal present, region unresolved",3,38,"  ""visagio"": {market: GLOBAL_OPPORTUNITY_UNRESOLVED_REGION, category: GLOBAL_OPPORTUNITY}"
Novartis,novartis,NEEDS_COMPANY_MAPPING,GLOBAL_OPPORTUNITY,,0.55,True,3,0,0,0,0,0,2,1,0,1,0,False,False,True,True,False,False,False,False,False,False,"recruiter/TA or opportunity-history signal present, region unresolved",3,38,"  ""novartis"": {market: GLOBAL_OPPORTUNITY_UNRESOLVED_REGION, category: GLOBAL_OPPORTUNITY}"
Caterpillar Inc,caterpillar,NEEDS_COMPANY_MAPPING,GLOBAL_OPPORTUNITY,,0.55,True,3,0,0,0,0,0,2,1,0,1,0,False,False,True,True,False,False,False,False,False,False,"recruiter/TA or opportunity-history signal present, region unresolved",3,38,"  ""caterpillar inc"": {market: GLOBAL_OPPORTUNITY_UNRESOLVED_REGION, category: GLOBAL_OPPORTUNITY}"
Azion,azion,NEEDS_COMPANY_MAPPING,GLOBAL_OPPORTUNITY,,0.55,True,4,0,2,0,0,0,1,3,0,3,0,False,False,True,True,False,False,False,False,False,False,"recruiter/TA or opportunity-history signal present, region unresolved",1,37,"  ""azion"": {market: GLOBAL_OPPORTUNITY_UNRESOLVED_REGION, category: GLOBAL_OPPORTUNITY}"
Gupy,gupy,NEEDS_COMPANY_MAPPING,GLOBAL_OPPORTUNITY,,0.55,True,3,0,0,0,0,0,1,1,0,1,0,False,False,True,True,False,False,False,False,False,False,"recruiter/TA or opportunity-history signal present, region unresolved",3,37,"  ""gupy"": {market: GLOBAL_OPPORTUNITY_UNRESOLVED_REGION, category: GLOBAL_OPPORTUNITY}"
SulAmérica,sulamérica,NEEDS_COMPANY_MAPPING,GLOBAL_OPPORTUNITY,,0.55,True,8,0,0,0,1,0,5,3,0,3,0,False,False,True,True,False,False,False,False,False,False,"recruiter/TA or opportunity-history signal present, region unresolved",1,36,"  ""sulamérica"": {market: GLOBAL_OPPORTUNITY_UNRESOLVED_REGION, category: GLOBAL_OPPORTUNITY}"
artevie group,artevie,NEEDS_COMPANY_MAPPING,GLOBAL_OPPORTUNITY,,0.55,True,3,0,0,0,0,0,0,3,0,0,0,False,False,True,True,False,False,False,False,False,False,"recruiter/TA or opportunity-history signal present, region unresolved",3,36,"  ""artevie group"": {market: GLOBAL_OPPORTUNITY_UNRESOLVED_REGION, category: GLOBAL_OPPORTUNITY}"
Power Tuning,power tuning,NEEDS_COMPANY_MAPPING,NEEDS_COMPANY_MAPPING,,0.0,True,5,0,0,0,0,0,5,0,0,0,0,False,False,False,False,False,False,False,False,False,False,"no keyword, dictionary, persona, or message signal found — needs manual research",3,35,
Delfia S/A,delfia,NEEDS_COMPANY_MAPPING,GLOBAL_OPPORTUNITY,,0.55,True,6,1,1,0,0,0,4,2,0,2,0,False,False,True,True,False,False,False,False,False,False,"recruiter/TA or opportunity-history signal present, region unresolved",1,35,"  ""delfia s/a"": {market: GLOBAL_OPPORTUNITY_UNRESOLVED_REGION, category: GLOBAL_OPPORTUNITY}"
QUALIFICAR TI,qualificar ti,NEEDS_COMPANY_MAPPING,GLOBAL_OPPORTUNITY,,0.55,True,5,2,0,0,0,0,3,2,0,2,0,False,False,True,True,False,False,False,False,False,False,"recruiter/TA or opportunity-history signal present, region unresolved",1,35,"  ""qualificar ti"": {market: GLOBAL_OPPORTUNITY_UNRESOLVED_REGION, category: GLOBAL_OPPORTUNITY}"
Hitachi Energy,hitachi energy,NEEDS_COMPANY_MAPPING,GLOBAL_OPPORTUNITY,,0.55,True,4,0,0,0,0,0,3,1,0,0,0,False,False,True,True,False,False,False,False,False,False,"recruiter/TA or opportunity-history signal present, region unresolved",3,35,"  ""hitachi energy"": {market: GLOBAL_OPPORTUNITY_UNRESOLVED_REGION, category: GLOBAL_OPPORTUNITY}"
TikTok,tiktok,NEEDS_COMPANY_MAPPING,GLOBAL_OPPORTUNITY,,0.55,True,2,0,0,0,0,0,1,1,0,1,0,True,True,True,True,False,False,False,False,False,False,"recruiter/TA or opportunity-history signal present, region unresolved",2,35,"  ""tiktok"": {market: GLOBAL_OPPORTUNITY_UNRESOLVED_REGION, category: GLOBAL_OPPORTUNITY}"
change,change,NEEDS_COMPANY_MAPPING,GLOBAL_OPPORTUNITY,,0.55,True,3,0,0,0,0,0,2,1,0,0,0,False,False,True,True,False,False,False,False,False,False,"recruiter/TA or opportunity-history signal present, region unresolved",3,34,"  ""change"": {market: GLOBAL_OPPORTUNITY_UNRESOLVED_REGION, category: GLOBAL_OPPORTUNITY}"
Caveo,caveo,NEEDS_COMPANY_MAPPING,GLOBAL_OPPORTUNITY,,0.55,True,4,0,0,0,0,0,2,2,0,2,0,False,False,True,True,False,False,False,False,False,False,"recruiter/TA or opportunity-history signal present, region unresolved",2,34,"  ""caveo"": {market: GLOBAL_OPPORTUNITY_UNRESOLVED_REGION, category: GLOBAL_OPPORTUNITY}"
Advance Auto Parts,advance auto parts,NEEDS_COMPANY_MAPPING,GLOBAL_OPPORTUNITY,,0.55,True,3,0,0,0,0,0,2,1,0,0,0,False,False,True,True,False,False,False,False,False,False,"recruiter/TA or opportunity-history signal present, region unresolved",3,34,"  ""advance auto parts"": {market: GLOBAL_OPPORTUNITY_UNRESOLVED_REGION, category: GLOBAL_OPPORTUNITY}"
AXS Logistiek,axs logistiek,NEEDS_COMPANY_MAPPING,GLOBAL_OPPORTUNITY,,0.55,True,3,0,0,0,0,0,2,1,0,0,0,False,False,True,True,False,False,False,False,False,False,"recruiter/TA or opportunity-history signal present, region unresolved",3,34,"  ""axs logistiek"": {market: GLOBAL_OPPORTUNITY_UNRESOLVED_REGION, category: GLOBAL_OPPORTUNITY}"
Sem Parar Corpay,sem parar corpay,NEEDS_COMPANY_MAPPING,NEEDS_COMPANY_MAPPING,,0.0,True,4,0,0,0,0,0,4,0,0,0,0,False,False,False,False,False,False,False,False,False,False,"no keyword, dictionary, persona, or message signal found — needs manual research",3,34,
K&K Talents,k&k talents,NEEDS_COMPANY_MAPPING,NEEDS_COMPANY_MAPPING,,0.0,True,4,0,0,0,0,0,4,0,0,0,0,False,False,False,False,False,False,False,False,False,False,"no keyword, dictionary, persona, or message signal found — needs manual research",3,34,
Brunel,brunel,NEEDS_COMPANY_MAPPING,GLOBAL_OPPORTUNITY,,0.55,True,3,0,0,0,0,0,2,1,0,0,0,False,False,True,True,False,False,False,False,False,False,"recruiter/TA or opportunity-history signal present, region unresolved",3,34,"  ""brunel"": {market: GLOBAL_OPPORTUNITY_UNRESOLVED_REGION, category: GLOBAL_OPPORTUNITY}"
Falconi,falconi,NEEDS_COMPANY_MAPPING,NEEDS_COMPANY_MAPPING,,0.0,True,3,0,0,0,0,0,3,0,0,0,0,False,False,False,False,False,False,False,False,False,False,"no keyword, dictionary, persona, or message signal found — needs manual research",3,33,
HR Path,hr path,NEEDS_COMPANY_MAPPING,GLOBAL_OPPORTUNITY,,0.55,True,3,0,0,0,0,0,1,2,0,2,0,False,False,True,True,False,False,False,False,False,False,"recruiter/TA or opportunity-history signal present, region unresolved",2,33,"  ""hr path"": {market: GLOBAL_OPPORTUNITY_UNRESOLVED_REGION, category: GLOBAL_OPPORTUNITY}"
Stadtwerke München GmbH,stadtwerke münchen,NEEDS_COMPANY_MAPPING,NEEDS_COMPANY_MAPPING,,0.0,True,3,0,0,0,0,0,3,0,0,0,0,False,False,False,False,False,False,False,False,False,False,"no keyword, dictionary, persona, or message signal found — needs manual research",3,33,
Quartile,quartile,NEEDS_COMPANY_MAPPING,NEEDS_COMPANY_MAPPING,,0.0,True,3,0,0,0,0,0,3,0,0,0,0,False,False,False,False,False,False,False,False,False,False,"no keyword, dictionary, persona, or message signal found — needs manual research",3,33,
Ana Gaming,ana gaming,NEEDS_COMPANY_MAPPING,GLOBAL_OPPORTUNITY,,0.55,True,3,0,0,0,0,0,1,2,0,2,0,False,False,True,True,False,False,False,False,False,False,"recruiter/TA or opportunity-history signal present, region unresolved",2,33,"  ""ana gaming"": {market: GLOBAL_OPPORTUNITY_UNRESOLVED_REGION, category: GLOBAL_OPPORTUNITY}"
PROPOSITO Human Capital Solutions,proposito human capital,NEEDS_COMPANY_MAPPING,GLOBAL_OPPORTUNITY,GLOBAL_CONSULTING,0.55,True,3,0,0,0,0,0,1,2,0,2,0,False,False,True,True,False,False,False,False,False,True,generic 'solutions' keyword in company name (weak signal),2,33,"  ""proposito human capital solutions"": {market: GLOBAL_OPPORTUNITY_UNRESOLVED_REGION, category: GLOBAL_CONSULTING}"
Agibank,agibank,NEEDS_COMPANY_MAPPING,GLOBAL_OPPORTUNITY,,0.55,True,4,0,1,0,0,0,3,1,0,1,0,False,False,True,True,False,False,False,False,False,False,"recruiter/TA or opportunity-history signal present, region unresolved",2,33,"  ""agibank"": {market: GLOBAL_OPPORTUNITY_UNRESOLVED_REGION, category: GLOBAL_OPPORTUNITY}"
"ANP - Agência Nacional do Petróleo, Gás Natural e Biocombustíveis","anp - agência nacional do petróleo, gás natural e biocombustíveis",NEEDS_COMPANY_MAPPING,NEEDS_COMPANY_MAPPING,,0.0,True,3,0,0,0,0,0,3,0,0,0,0,False,False,False,False,False,False,False,False,False,False,"no keyword, dictionary, persona, or message signal found — needs manual research",3,33,
AGCO Corporation,agco,NEEDS_COMPANY_MAPPING,GLOBAL_OPPORTUNITY,,0.55,True,3,1,0,0,0,0,2,1,0,1,0,False,False,True,True,False,False,False,False,False,False,"recruiter/TA or opportunity-history signal present, region unresolved",2,33,"  ""agco corporation"": {market: GLOBAL_OPPORTUNITY_UNRESOLVED_REGION, category: GLOBAL_OPPORTUNITY}"
Intellias,intellias,NEEDS_COMPANY_MAPPING,NEEDS_COMPANY_MAPPING,,0.0,True,3,0,0,0,0,0,3,0,0,0,0,False,False,False,False,False,False,False,False,False,False,"no keyword, dictionary, persona, or message signal found — needs manual research",3,33,
Benner,benner,NEEDS_COMPANY_MAPPING,NEEDS_COMPANY_MAPPING,,0.0,True,3,0,0,0,0,0,3,0,0,0,0,False,False,False,False,False,False,False,False,False,False,"no keyword, dictionary, persona, or message signal found — needs manual research",3,33,
Zensy,zensy,NEEDS_COMPANY_MAPPING,GLOBAL_OPPORTUNITY,,0.55,True,2,0,0,0,0,0,0,2,0,2,0,False,False,True,True,False,False,False,False,False,False,"recruiter/TA or opportunity-history signal present, region unresolved",2,32,"  ""zensy"": {market: GLOBAL_OPPORTUNITY_UNRESOLVED_REGION, category: GLOBAL_OPPORTUNITY}"
A-Players,a-players,NEEDS_COMPANY_MAPPING,GLOBAL_OPPORTUNITY,,0.55,True,2,0,0,0,0,0,0,2,0,2,0,False,False,True,True,False,False,False,False,False,False,"recruiter/TA or opportunity-history signal present, region unresolved",2,32,"  ""a-players"": {market: GLOBAL_OPPORTUNITY_UNRESOLVED_REGION, category: GLOBAL_OPPORTUNITY}"
Kuehne+Nagel,kuehne+nagel,NEEDS_COMPANY_MAPPING,GLOBAL_OPPORTUNITY,,0.55,True,3,0,1,0,0,0,2,1,0,1,0,False,False,True,True,False,False,False,False,False,False,"recruiter/TA or opportunity-history signal present, region unresolved",2,32,"  ""kuehne+nagel"": {market: GLOBAL_OPPORTUNITY_UNRESOLVED_REGION, category: GLOBAL_OPPORTUNITY}"
John Deere,john deere,NEEDS_COMPANY_MAPPING,GLOBAL_OPPORTUNITY,,0.55,True,3,0,0,1,0,0,2,1,0,1,0,False,False,True,True,False,False,False,False,False,False,"recruiter/TA or opportunity-history signal present, region unresolved",2,32,"  ""john deere"": {market: GLOBAL_OPPORTUNITY_UNRESOLVED_REGION, category: GLOBAL_OPPORTUNITY}"
Infinite Computer Solutions,infinite computer,NEEDS_COMPANY_MAPPING,GLOBAL_OPPORTUNITY,GLOBAL_CONSULTING,0.55,True,3,0,1,0,0,0,2,1,0,1,0,False,False,True,True,False,False,False,False,False,True,generic 'solutions' keyword in company name (weak signal),2,32,"  ""infinite computer solutions"": {market: GLOBAL_OPPORTUNITY_UNRESOLVED_REGION, category: GLOBAL_CONSULTING}"
Empacar S.A,empacar,NEEDS_COMPANY_MAPPING,GLOBAL_OPPORTUNITY,,0.55,True,2,0,0,0,0,0,0,2,0,2,0,False,False,True,True,False,False,False,False,False,False,"recruiter/TA or opportunity-history signal present, region unresolved",2,32,"  ""empacar s.a"": {market: GLOBAL_OPPORTUNITY_UNRESOLVED_REGION, category: GLOBAL_OPPORTUNITY}"
Xepelin,xepelin,NEEDS_COMPANY_MAPPING,GLOBAL_OPPORTUNITY,,0.55,True,2,0,0,0,0,0,0,2,0,2,0,False,False,True,True,False,False,False,False,False,False,"recruiter/TA or opportunity-history signal present, region unresolved",2,32,"  ""xepelin"": {market: GLOBAL_OPPORTUNITY_UNRESOLVED_REGION, category: GLOBAL_OPPORTUNITY}"
Imperial Brands PLC,imperial brands,NEEDS_COMPANY_MAPPING,GLOBAL_OPPORTUNITY,,0.55,True,2,0,0,0,0,0,0,2,0,2,0,False,False,True,True,False,False,False,False,False,False,"recruiter/TA or opportunity-history signal present, region unresolved",2,32,"  ""imperial brands plc"": {market: GLOBAL_OPPORTUNITY_UNRESOLVED_REGION, category: GLOBAL_OPPORTUNITY}"
Quantik,quantik,NEEDS_COMPANY_MAPPING,GLOBAL_OPPORTUNITY,,0.55,True,2,0,0,0,0,0,0,2,0,2,0,False,False,True,True,False,False,False,False,False,False,"recruiter/TA or opportunity-history signal present, region unresolved",2,32,"  ""quantik"": {market: GLOBAL_OPPORTUNITY_UNRESOLVED_REGION, category: GLOBAL_OPPORTUNITY}"
Nelson Wilians Advogados,nelson wilians advogados,NEEDS_COMPANY_MAPPING,GLOBAL_OPPORTUNITY,,0.55,True,2,0,0,0,0,0,0,2,0,2,0,False,False,True,True,False,False,False,False,False,False,"recruiter/TA or opportunity-history signal present, region unresolved",2,32,"  ""nelson wilians advogados"": {market: GLOBAL_OPPORTUNITY_UNRESOLVED_REGION, category: GLOBAL_OPPORTUNITY}"
Landeshauptstadt München,landeshauptstadt münchen,NEEDS_COMPANY_MAPPING,NEEDS_COMPANY_MAPPING,,0.0,True,3,0,0,0,0,0,2,0,0,0,0,False,False,False,False,False,False,False,False,False,False,"no keyword, dictionary, persona, or message signal found — needs manual research",3,32,
CGS Consultores Reclutamiento de Personal,cgs consultores reclutamiento de personal,NEEDS_COMPANY_MAPPING,GLOBAL_OPPORTUNITY,,0.55,True,2,0,0,0,0,0,0,2,0,2,0,False,False,True,True,False,False,False,False,False,False,"recruiter/TA or opportunity-history signal present, region unresolved",2,32,"  ""cgs consultores reclutamiento de personal"": {market: GLOBAL_OPPORTUNITY_UNRESOLVED_REGION, category: GLOBAL_OPPORTUNITY}"
Sofist,sofist,NEEDS_COMPANY_MAPPING,GLOBAL_OPPORTUNITY,,0.55,True,2,0,0,0,0,0,0,2,0,2,0,False,False,True,True,False,False,False,False,False,False,"recruiter/TA or opportunity-history signal present, region unresolved",2,32,"  ""sofist"": {market: GLOBAL_OPPORTUNITY_UNRESOLVED_REGION, category: GLOBAL_OPPORTUNITY}"
Montreal Oficial,montreal oficial,NEEDS_COMPANY_MAPPING,GLOBAL_OPPORTUNITY,,0.55,True,3,1,0,0,0,1,1,2,0,2,0,False,False,True,True,False,False,False,False,False,False,"recruiter/TA or opportunity-history signal present, region unresolved",1,31,"  ""montreal oficial"": {market: GLOBAL_OPPORTUNITY_UNRESOLVED_REGION, category: GLOBAL_OPPORTUNITY}"
Deel,deel,NEEDS_COMPANY_MAPPING,GLOBAL_OPPORTUNITY,,0.55,True,4,0,0,0,1,0,2,1,0,1,0,False,False,True,True,False,False,False,False,False,False,"recruiter/TA or opportunity-history signal present, region unresolved",2,31,"  ""deel"": {market: GLOBAL_OPPORTUNITY_UNRESOLVED_REGION, category: GLOBAL_OPPORTUNITY}"
Bullla,bullla,NEEDS_COMPANY_MAPPING,GLOBAL_OPPORTUNITY,,0.55,True,3,0,0,0,1,0,2,1,0,1,0,False,False,True,True,False,False,False,False,False,False,"recruiter/TA or opportunity-history signal present, region unresolved",2,31,"  ""bullla"": {market: GLOBAL_OPPORTUNITY_UNRESOLVED_REGION, category: GLOBAL_OPPORTUNITY}"
PetroReconcavo,petroreconcavo,NEEDS_COMPANY_MAPPING,NEEDS_COMPANY_MAPPING,,0.0,True,11,0,0,0,0,0,10,0,0,0,0,False,False,False,False,False,False,False,False,False,False,"no keyword, dictionary, persona, or message signal found — needs manual research",2,30,
Banco Carrefour,banco carrefour,NEEDS_COMPANY_MAPPING,GLOBAL_OPPORTUNITY,,0.55,True,5,0,0,0,0,0,4,1,0,1,0,False,False,True,True,False,False,False,False,False,False,"recruiter/TA or opportunity-history signal present, region unresolved",2,30,"  ""banco carrefour"": {market: GLOBAL_OPPORTUNITY_UNRESOLVED_REGION, category: GLOBAL_OPPORTUNITY}"
Vetta,vetta,NEEDS_COMPANY_MAPPING,GLOBAL_OPPORTUNITY,,0.55,True,4,0,0,0,0,0,2,2,0,1,0,False,False,True,True,False,False,False,False,False,False,"recruiter/TA or opportunity-history signal present, region unresolved",2,30,"  ""vetta"": {market: GLOBAL_OPPORTUNITY_UNRESOLVED_REGION, category: GLOBAL_OPPORTUNITY}"
Flash,flash,NEEDS_COMPANY_MAPPING,GLOBAL_OPPORTUNITY,,0.55,True,5,1,1,0,0,0,4,1,0,1,0,False,False,True,True,False,False,False,False,False,False,"recruiter/TA or opportunity-history signal present, region unresolved",1,29,"  ""flash"": {market: GLOBAL_OPPORTUNITY_UNRESOLVED_REGION, category: GLOBAL_OPPORTUNITY}"
Positivo Tecnologia,positivo tecnologia,NEEDS_COMPANY_MAPPING,GLOBAL_OPPORTUNITY,,0.55,True,4,0,0,0,0,0,3,1,0,1,0,False,False,True,True,False,False,False,False,False,False,"recruiter/TA or opportunity-history signal present, region unresolved",2,29,"  ""positivo tecnologia"": {market: GLOBAL_OPPORTUNITY_UNRESOLVED_REGION, category: GLOBAL_OPPORTUNITY}"
Grupo Vorp,grupo vorp,NEEDS_COMPANY_MAPPING,GLOBAL_OPPORTUNITY,,0.55,True,4,0,0,0,0,0,3,1,0,1,0,False,False,True,True,False,False,False,False,False,False,"recruiter/TA or opportunity-history signal present, region unresolved",2,29,"  ""grupo vorp"": {market: GLOBAL_OPPORTUNITY_UNRESOLVED_REGION, category: GLOBAL_OPPORTUNITY}"
Softplan,softplan,NEEDS_COMPANY_MAPPING,GLOBAL_OPPORTUNITY,,0.55,True,4,0,0,0,0,0,3,1,0,1,0,False,False,True,True,False,False,False,False,False,False,"recruiter/TA or opportunity-history signal present, region unresolved",2,29,"  ""softplan"": {market: GLOBAL_OPPORTUNITY_UNRESOLVED_REGION, category: GLOBAL_OPPORTUNITY}"
Petlove,petlove,NEEDS_COMPANY_MAPPING,GLOBAL_OPPORTUNITY,,0.55,True,4,0,0,0,0,0,3,1,0,1,0,False,False,True,True,False,False,False,False,False,False,"recruiter/TA or opportunity-history signal present, region unresolved",2,29,"  ""petlove"": {market: GLOBAL_OPPORTUNITY_UNRESOLVED_REGION, category: GLOBAL_OPPORTUNITY}"
Horizontal Talent,horizontal talent,NEEDS_COMPANY_MAPPING,GLOBAL_STAFFING,GLOBAL_STAFFING,0.8,True,3,1,0,0,0,0,2,1,0,0,0,False,False,True,True,False,False,False,False,True,False,staffing/recruiting keyword in company name,2,29,"  ""horizontal talent"": {market: GLOBAL_STAFFING, category: GLOBAL_STAFFING}"
Infleet - Gestão de Frotas,infleet - gestão de frotas,NEEDS_COMPANY_MAPPING,GLOBAL_OPPORTUNITY,,0.55,True,4,0,0,0,0,0,3,1,0,1,0,False,False,True,True,False,False,False,False,False,False,"recruiter/TA or opportunity-history signal present, region unresolved",2,29,"  ""infleet - gestão de frotas"": {market: GLOBAL_OPPORTUNITY_UNRESOLVED_REGION, category: GLOBAL_OPPORTUNITY}"
Ipiranga,ipiranga,NEEDS_COMPANY_MAPPING,NEEDS_COMPANY_MAPPING,,0.0,True,6,0,0,0,1,0,6,0,0,0,0,False,False,False,False,False,False,False,False,False,False,"no keyword, dictionary, persona, or message signal found — needs manual research",2,29,
Driva,driva,NEEDS_COMPANY_MAPPING,GLOBAL_OPPORTUNITY,,0.55,True,4,0,0,0,0,0,1,3,0,3,0,False,False,True,True,False,False,False,False,False,False,"recruiter/TA or opportunity-history signal present, region unresolved",1,29,"  ""driva"": {market: GLOBAL_OPPORTUNITY_UNRESOLVED_REGION, category: GLOBAL_OPPORTUNITY}"
amaxo GmbH,amaxo,NEEDS_COMPANY_MAPPING,GLOBAL_OPPORTUNITY,,0.55,True,3,0,0,0,1,0,1,2,0,0,0,False,False,True,True,False,False,False,False,False,False,"recruiter/TA or opportunity-history signal present, region unresolved",2,28,"  ""amaxo gmbh"": {market: GLOBAL_OPPORTUNITY_UNRESOLVED_REGION, category: GLOBAL_OPPORTUNITY}"
Escola da Nuvem,escola da nuvem,NEEDS_COMPANY_MAPPING,GLOBAL_OPPORTUNITY,,0.55,True,3,0,0,0,0,0,2,1,0,1,0,False,False,True,True,False,False,False,False,False,False,"recruiter/TA or opportunity-history signal present, region unresolved",2,28,"  ""escola da nuvem"": {market: GLOBAL_OPPORTUNITY_UNRESOLVED_REGION, category: GLOBAL_OPPORTUNITY}"
MATH Group,math,NEEDS_COMPANY_MAPPING,GLOBAL_OPPORTUNITY,,0.55,True,3,0,0,0,0,0,2,1,0,1,0,False,False,True,True,False,False,False,False,False,False,"recruiter/TA or opportunity-history signal present, region unresolved",2,28,"  ""math group"": {market: GLOBAL_OPPORTUNITY_UNRESOLVED_REGION, category: GLOBAL_OPPORTUNITY}
  ""math"": {market: GLOBAL_OPPORTUNITY_UNRESOLVED_REGION, category: GLOBAL_OPPORTUNITY}"
CAST,cast,NEEDS_COMPANY_MAPPING,GLOBAL_OPPORTUNITY,,0.55,True,3,0,0,0,0,0,2,1,0,1,0,False,False,True,True,False,False,False,False,False,False,"recruiter/TA or opportunity-history signal present, region unresolved",2,28,"  ""cast"": {market: GLOBAL_OPPORTUNITY_UNRESOLVED_REGION, category: GLOBAL_OPPORTUNITY}"
WeCogno,wecogno,NEEDS_COMPANY_MAPPING,GLOBAL_OPPORTUNITY,,0.55,True,3,0,0,0,0,0,1,2,0,2,0,True,False,True,True,False,False,False,False,False,False,"recruiter/TA or opportunity-history signal present, region unresolved",1,28,"  ""wecogno"": {market: GLOBAL_OPPORTUNITY_UNRESOLVED_REGION, category: GLOBAL_OPPORTUNITY}"
Escale,escale,NEEDS_COMPANY_MAPPING,GLOBAL_OPPORTUNITY,,0.55,True,3,0,0,1,0,0,2,1,0,0,0,False,False,True,True,False,False,False,False,False,False,"recruiter/TA or opportunity-history signal present, region unresolved",2,28,"  ""escale"": {market: GLOBAL_OPPORTUNITY_UNRESOLVED_REGION, category: GLOBAL_OPPORTUNITY}"
Projective Talent | Part of Projective Group,projective talent | part of projective,NEEDS_COMPANY_MAPPING,GLOBAL_STAFFING,GLOBAL_STAFFING,0.8,True,3,1,0,0,0,0,3,0,0,0,0,False,False,False,False,False,False,False,False,True,False,staffing/recruiting keyword in company name,2,28,"  ""projective talent | part of projective group"": {market: GLOBAL_STAFFING, category: GLOBAL_STAFFING}"
Sanofi,sanofi,NEEDS_COMPANY_MAPPING,GLOBAL_OPPORTUNITY,,0.55,True,2,0,0,0,0,0,0,2,0,1,0,False,False,True,True,False,False,False,False,False,False,"recruiter/TA or opportunity-history signal present, region unresolved",2,28,"  ""sanofi"": {market: GLOBAL_OPPORTUNITY_UNRESOLVED_REGION, category: GLOBAL_OPPORTUNITY}"
Nordex Group,nordex,NEEDS_COMPANY_MAPPING,GLOBAL_OPPORTUNITY,,0.55,True,3,0,0,0,0,0,2,1,0,1,0,False,False,True,True,False,False,False,False,False,False,"recruiter/TA or opportunity-history signal present, region unresolved",2,28,"  ""nordex group"": {market: GLOBAL_OPPORTUNITY_UNRESOLVED_REGION, category: GLOBAL_OPPORTUNITY}"
Involves,involves,NEEDS_COMPANY_MAPPING,GLOBAL_OPPORTUNITY,,0.55,True,3,0,0,0,1,0,2,1,1,1,0,False,False,True,True,False,False,False,False,False,False,"recruiter/TA or opportunity-history signal present, region unresolved",1,27,"  ""involves"": {market: GLOBAL_OPPORTUNITY_UNRESOLVED_REGION, category: GLOBAL_OPPORTUNITY}"
GM Financial,gm financial,NEEDS_COMPANY_MAPPING,GLOBAL_OPPORTUNITY,,0.55,True,3,0,1,0,0,0,3,0,0,0,0,False,False,False,False,False,False,False,False,False,False,"recruiter/TA or opportunity-history signal present, region unresolved",2,27,"  ""gm financial"": {market: GLOBAL_OPPORTUNITY_UNRESOLVED_REGION, category: GLOBAL_OPPORTUNITY}"
Genesys,genesys,NEEDS_COMPANY_MAPPING,GLOBAL_OPPORTUNITY,,0.55,True,3,0,1,0,0,0,3,0,0,0,0,False,False,False,False,False,False,False,False,False,False,"recruiter/TA or opportunity-history signal present, region unresolved",2,27,"  ""genesys"": {market: GLOBAL_OPPORTUNITY_UNRESOLVED_REGION, category: GLOBAL_OPPORTUNITY}"
Softys,softys,NEEDS_COMPANY_MAPPING,GLOBAL_OPPORTUNITY,,0.55,True,2,0,0,0,0,0,1,1,0,1,0,False,False,True,True,False,False,False,False,False,False,"recruiter/TA or opportunity-history signal present, region unresolved",2,27,"  ""softys"": {market: GLOBAL_OPPORTUNITY_UNRESOLVED_REGION, category: GLOBAL_OPPORTUNITY}"
bet365,bet365,NEEDS_COMPANY_MAPPING,GLOBAL_OPPORTUNITY,,0.55,True,2,0,0,0,0,0,1,1,0,1,0,False,False,True,True,False,False,False,False,False,False,"recruiter/TA or opportunity-history signal present, region unresolved",2,27,"  ""bet365"": {market: GLOBAL_OPPORTUNITY_UNRESOLVED_REGION, category: GLOBAL_OPPORTUNITY}"
Clarios,clarios,NEEDS_COMPANY_MAPPING,GLOBAL_OPPORTUNITY,,0.55,True,4,0,2,0,0,0,3,1,0,1,0,False,False,True,True,False,False,False,False,False,False,"recruiter/TA or opportunity-history signal present, region unresolved",1,27,"  ""clarios"": {market: GLOBAL_OPPORTUNITY_UNRESOLVED_REGION, category: GLOBAL_OPPORTUNITY}"
AlmapBBDO,almapbbdo,NEEDS_COMPANY_MAPPING,NEEDS_COMPANY_MAPPING,,0.0,True,4,0,0,0,1,0,4,0,0,0,0,False,False,False,False,False,False,False,False,False,False,"no keyword, dictionary, persona, or message signal found — needs manual research",2,27,
Amcor,amcor,NEEDS_COMPANY_MAPPING,GLOBAL_OPPORTUNITY,,0.55,True,2,0,0,0,0,0,1,1,0,1,0,False,False,True,True,False,False,False,False,False,False,"recruiter/TA or opportunity-history signal present, region unresolved",2,27,"  ""amcor"": {market: GLOBAL_OPPORTUNITY_UNRESOLVED_REGION, category: GLOBAL_OPPORTUNITY}"
Grupo 3corações,grupo 3corações,NEEDS_COMPANY_MAPPING,GLOBAL_OPPORTUNITY,,0.55,True,2,0,0,0,0,0,1,1,0,1,0,False,False,True,True,False,False,False,False,False,False,"recruiter/TA or opportunity-history signal present, region unresolved",2,27,"  ""grupo 3corações"": {market: GLOBAL_OPPORTUNITY_UNRESOLVED_REGION, category: GLOBAL_OPPORTUNITY}"
Loft,loft,NEEDS_COMPANY_MAPPING,GLOBAL_OPPORTUNITY,,0.55,True,3,0,1,0,0,0,3,0,0,0,0,False,False,False,False,False,False,False,False,False,False,"recruiter/TA or opportunity-history signal present, region unresolved",2,27,"  ""loft"": {market: GLOBAL_OPPORTUNITY_UNRESOLVED_REGION, category: GLOBAL_OPPORTUNITY}"
Splash,splash,NEEDS_COMPANY_MAPPING,GLOBAL_OPPORTUNITY,,0.55,True,2,0,0,0,0,0,1,1,0,1,0,False,False,True,True,False,False,False,False,False,False,"recruiter/TA or opportunity-history signal present, region unresolved",2,27,"  ""splash"": {market: GLOBAL_OPPORTUNITY_UNRESOLVED_REGION, category: GLOBAL_OPPORTUNITY}"
Neodent,neodent,NEEDS_COMPANY_MAPPING,GLOBAL_OPPORTUNITY,,0.55,True,3,0,1,0,0,0,1,2,0,2,0,False,False,True,True,False,False,False,False,False,False,"recruiter/TA or opportunity-history signal present, region unresolved",1,27,"  ""neodent"": {market: GLOBAL_OPPORTUNITY_UNRESOLVED_REGION, category: GLOBAL_OPPORTUNITY}"
Simpress,simpress,NEEDS_COMPANY_MAPPING,GLOBAL_OPPORTUNITY,,0.55,True,3,0,0,0,1,0,2,2,0,2,0,False,False,True,True,False,False,False,False,False,False,"recruiter/TA or opportunity-history signal present, region unresolved",1,27,"  ""simpress"": {market: GLOBAL_OPPORTUNITY_UNRESOLVED_REGION, category: GLOBAL_OPPORTUNITY}"
EBANX,ebanx,NEEDS_COMPANY_MAPPING,GLOBAL_OPPORTUNITY,,0.55,True,2,0,0,0,0,0,1,1,0,1,0,False,False,True,True,False,False,False,False,False,False,"recruiter/TA or opportunity-history signal present, region unresolved",2,27,"  ""ebanx"": {market: GLOBAL_OPPORTUNITY_UNRESOLVED_REGION, category: GLOBAL_OPPORTUNITY}"
Fiverr,fiverr,NEEDS_COMPANY_MAPPING,GLOBAL_OPPORTUNITY,,0.55,True,2,0,0,0,0,0,1,1,0,1,0,False,False,True,True,False,False,False,False,False,False,"recruiter/TA or opportunity-history signal present, region unresolved",2,27,"  ""fiverr"": {market: GLOBAL_OPPORTUNITY_UNRESOLVED_REGION, category: GLOBAL_OPPORTUNITY}"
Mycon,mycon,NEEDS_COMPANY_MAPPING,GLOBAL_OPPORTUNITY,,0.55,True,2,0,0,0,0,0,1,1,0,1,0,False,False,True,True,False,False,False,False,False,False,"recruiter/TA or opportunity-history signal present, region unresolved",2,27,"  ""mycon"": {market: GLOBAL_OPPORTUNITY_UNRESOLVED_REGION, category: GLOBAL_OPPORTUNITY}"
Sensedia,sensedia,NEEDS_COMPANY_MAPPING,GLOBAL_OPPORTUNITY,,0.55,True,2,0,0,0,0,0,1,1,0,1,0,False,False,True,True,False,False,False,False,False,False,"recruiter/TA or opportunity-history signal present, region unresolved",2,27,"  ""sensedia"": {market: GLOBAL_OPPORTUNITY_UNRESOLVED_REGION, category: GLOBAL_OPPORTUNITY}"
E-IT,e-it,NEEDS_COMPANY_MAPPING,GLOBAL_OPPORTUNITY,,0.55,True,2,0,0,0,0,0,1,1,0,1,0,False,False,True,True,False,False,False,False,False,False,"recruiter/TA or opportunity-history signal present, region unresolved",2,27,"  ""e-it"": {market: GLOBAL_OPPORTUNITY_UNRESOLVED_REGION, category: GLOBAL_OPPORTUNITY}"
Revelo,revelo,NEEDS_COMPANY_MAPPING,NEEDS_COMPANY_MAPPING,,0.0,True,3,0,0,1,0,0,3,0,0,0,0,False,False,False,False,False,False,False,False,False,False,"no keyword, dictionary, persona, or message signal found — needs manual research",2,27,
Robots & Pencils,robots & pencils,NEEDS_COMPANY_MAPPING,GLOBAL_OPPORTUNITY,,0.55,True,2,1,0,0,0,0,0,2,0,2,1,False,False,True,True,False,False,False,False,False,False,"recruiter/TA or opportunity-history signal present, region unresolved",1,27,"  ""robots & pencils"": {market: GLOBAL_OPPORTUNITY_UNRESOLVED_REGION, category: GLOBAL_OPPORTUNITY}"
Uncover,uncover,NEEDS_COMPANY_MAPPING,GLOBAL_OPPORTUNITY,,0.55,True,2,0,0,0,0,0,1,1,0,1,0,False,False,True,True,False,False,False,False,False,False,"recruiter/TA or opportunity-history signal present, region unresolved",2,27,"  ""uncover"": {market: GLOBAL_OPPORTUNITY_UNRESOLVED_REGION, category: GLOBAL_OPPORTUNITY}"
ValueNet Group,valuenet,NEEDS_COMPANY_MAPPING,GLOBAL_OPPORTUNITY,,0.55,True,3,0,1,0,0,0,3,0,0,0,0,False,False,False,False,False,False,False,False,False,False,"recruiter/TA or opportunity-history signal present, region unresolved",2,27,"  ""valuenet group"": {market: GLOBAL_OPPORTUNITY_UNRESOLVED_REGION, category: GLOBAL_OPPORTUNITY}"
Talentia,talentia,NEEDS_COMPANY_MAPPING,GLOBAL_OPPORTUNITY,,0.55,True,2,0,0,0,0,0,1,1,0,1,0,False,False,True,True,False,False,False,False,False,False,"recruiter/TA or opportunity-history signal present, region unresolved",2,27,"  ""talentia"": {market: GLOBAL_OPPORTUNITY_UNRESOLVED_REGION, category: GLOBAL_OPPORTUNITY}"
KIS Solutions,kis,NEEDS_COMPANY_MAPPING,GLOBAL_OPPORTUNITY,GLOBAL_CONSULTING,0.55,True,2,0,0,0,0,0,1,1,0,1,0,False,False,True,True,False,False,False,False,False,True,generic 'solutions' keyword in company name (weak signal),2,27,"  ""kis solutions"": {market: GLOBAL_OPPORTUNITY_UNRESOLVED_REGION, category: GLOBAL_CONSULTING}"
Tarmac.IO,tarmac.io,NEEDS_COMPANY_MAPPING,GLOBAL_OPPORTUNITY,,0.55,True,2,1,0,0,0,0,0,2,0,2,0,False,False,True,True,False,False,False,False,False,False,"recruiter/TA or opportunity-history signal present, region unresolved",1,27,"  ""tarmac.io"": {market: GLOBAL_OPPORTUNITY_UNRESOLVED_REGION, category: GLOBAL_OPPORTUNITY}"
Halliburton,halliburton,NEEDS_COMPANY_MAPPING,GLOBAL_OPPORTUNITY,,0.55,True,2,0,0,0,0,0,1,1,0,1,0,False,False,True,True,False,False,False,False,False,False,"recruiter/TA or opportunity-history signal present, region unresolved",2,27,"  ""halliburton"": {market: GLOBAL_OPPORTUNITY_UNRESOLVED_REGION, category: GLOBAL_OPPORTUNITY}"
Nomad,nomad,NEEDS_COMPANY_MAPPING,GLOBAL_OPPORTUNITY,,0.55,True,2,0,0,0,0,0,1,1,0,1,0,False,False,True,True,False,False,False,False,False,False,"recruiter/TA or opportunity-history signal present, region unresolved",2,27,"  ""nomad"": {market: GLOBAL_OPPORTUNITY_UNRESOLVED_REGION, category: GLOBAL_OPPORTUNITY}"
Nexer Enterprise Applications,nexer enterprise applications,NEEDS_COMPANY_MAPPING,GLOBAL_OPPORTUNITY,,0.55,True,2,0,0,0,0,0,1,1,0,1,0,False,False,True,True,False,False,False,False,False,False,"recruiter/TA or opportunity-history signal present, region unresolved",2,27,"  ""nexer enterprise applications"": {market: GLOBAL_OPPORTUNITY_UNRESOLVED_REGION, category: GLOBAL_OPPORTUNITY}"
RED Global,red,NEEDS_COMPANY_MAPPING,NEEDS_COMPANY_MAPPING,,0.0,True,3,0,0,0,1,0,3,0,0,0,0,False,False,False,False,False,False,False,False,False,False,"no keyword, dictionary, persona, or message signal found — needs manual research",2,26,
Fortive,fortive,NEEDS_COMPANY_MAPPING,GLOBAL_OPPORTUNITY,,0.55,True,2,0,1,0,0,0,0,2,0,2,0,False,False,True,True,False,False,False,False,False,False,"recruiter/TA or opportunity-history signal present, region unresolved",1,26,"  ""fortive"": {market: GLOBAL_OPPORTUNITY_UNRESOLVED_REGION, category: GLOBAL_OPPORTUNITY}"
Multiplica,multiplica,NEEDS_COMPANY_MAPPING,GLOBAL_OPPORTUNITY,,0.55,True,2,0,1,0,0,0,0,2,0,2,0,False,False,True,True,False,False,False,False,False,False,"recruiter/TA or opportunity-history signal present, region unresolved",1,26,"  ""multiplica"": {market: GLOBAL_OPPORTUNITY_UNRESOLVED_REGION, category: GLOBAL_OPPORTUNITY}"
axity,axity,NEEDS_COMPANY_MAPPING,GLOBAL_OPPORTUNITY,,0.55,True,2,0,1,0,0,0,0,2,0,2,0,False,False,True,True,False,False,False,False,False,False,"recruiter/TA or opportunity-history signal present, region unresolved",1,26,"  ""axity"": {market: GLOBAL_OPPORTUNITY_UNRESOLVED_REGION, category: GLOBAL_OPPORTUNITY}"
empiriecom,empiriecom,NEEDS_COMPANY_MAPPING,NEEDS_COMPANY_MAPPING,,0.0,True,3,0,0,0,1,0,3,0,0,0,0,False,False,False,False,False,False,False,False,False,False,"no keyword, dictionary, persona, or message signal found — needs manual research",2,26,
Apter,apter,NEEDS_COMPANY_MAPPING,GLOBAL_OPPORTUNITY,,0.55,True,3,0,0,0,1,0,1,2,0,2,0,False,False,True,True,False,False,False,False,False,False,"recruiter/TA or opportunity-history signal present, region unresolved",1,26,"  ""apter"": {market: GLOBAL_OPPORTUNITY_UNRESOLVED_REGION, category: GLOBAL_OPPORTUNITY}"
A.P. Moller - Maersk,a.p. moller - maersk,NEEDS_COMPANY_MAPPING,GLOBAL_OPPORTUNITY,,0.55,True,2,0,1,0,0,0,0,2,0,2,0,False,False,True,True,False,False,False,False,False,False,"recruiter/TA or opportunity-history signal present, region unresolved",1,26,"  ""a.p. moller - maersk"": {market: GLOBAL_OPPORTUNITY_UNRESOLVED_REGION, category: GLOBAL_OPPORTUNITY}"
Stratis | Strategic Impact Solutions,stratis | strategic impact,NEEDS_COMPANY_MAPPING,GLOBAL_OPPORTUNITY,GLOBAL_CONSULTING,0.55,True,2,0,1,0,0,0,0,2,0,2,0,False,False,True,True,False,False,False,False,False,True,generic 'solutions' keyword in company name (weak signal),1,26,"  ""stratis | strategic impact solutions"": {market: GLOBAL_OPPORTUNITY_UNRESOLVED_REGION, category: GLOBAL_CONSULTING}"
Philip Morris International,philip morris international,NEEDS_COMPANY_MAPPING,NEEDS_COMPANY_MAPPING,,0.0,True,3,0,0,0,1,0,3,0,0,0,0,False,False,False,False,False,False,False,False,False,False,"no keyword, dictionary, persona, or message signal found — needs manual research",2,26,
BMNS,bmns,NEEDS_COMPANY_MAPPING,GLOBAL_OPPORTUNITY,,0.55,True,2,0,1,0,0,0,0,2,0,2,1,False,False,True,True,False,False,False,False,False,False,"recruiter/TA or opportunity-history signal present, region unresolved",1,26,"  ""bmns"": {market: GLOBAL_OPPORTUNITY_UNRESOLVED_REGION, category: GLOBAL_OPPORTUNITY}"
Almirall,almirall,NEEDS_COMPANY_MAPPING,GLOBAL_OPPORTUNITY,,0.55,True,2,0,1,0,0,0,0,2,0,2,0,False,False,True,True,False,False,False,False,False,False,"recruiter/TA or opportunity-history signal present, region unresolved",1,26,"  ""almirall"": {market: GLOBAL_OPPORTUNITY_UNRESOLVED_REGION, category: GLOBAL_OPPORTUNITY}"
JLink connecting experts GmbH,jlink connecting experts,NEEDS_COMPANY_MAPPING,GLOBAL_OPPORTUNITY,,0.55,True,3,0,0,0,0,0,2,1,0,0,0,False,False,True,True,False,False,False,False,False,False,"recruiter/TA or opportunity-history signal present, region unresolved",2,24,"  ""jlink connecting experts gmbh"": {market: GLOBAL_OPPORTUNITY_UNRESOLVED_REGION, category: GLOBAL_OPPORTUNITY}"
Petrobahia S.A,petrobahia,NEEDS_COMPANY_MAPPING,NEEDS_COMPANY_MAPPING,,0.0,True,4,0,0,0,0,0,4,0,0,0,0,False,False,False,False,False,False,False,False,False,False,"no keyword, dictionary, persona, or message signal found — needs manual research",2,24,
Bracell,bracell,NEEDS_COMPANY_MAPPING,GLOBAL_OPPORTUNITY,,0.55,True,6,0,1,0,0,0,4,1,0,1,0,False,False,True,True,False,False,False,False,False,False,"recruiter/TA or opportunity-history signal present, region unresolved",1,24,"  ""bracell"": {market: GLOBAL_OPPORTUNITY_UNRESOLVED_REGION, category: GLOBAL_OPPORTUNITY}"
First Decision,first decision,NEEDS_COMPANY_MAPPING,GLOBAL_OPPORTUNITY,,0.55,True,4,0,0,0,0,0,2,2,0,2,0,False,False,True,True,False,False,False,False,False,False,"recruiter/TA or opportunity-history signal present, region unresolved",1,24,"  ""first decision"": {market: GLOBAL_OPPORTUNITY_UNRESOLVED_REGION, category: GLOBAL_OPPORTUNITY}"
Atom,atom,NEEDS_COMPANY_MAPPING,GLOBAL_OPPORTUNITY,,0.55,True,1,0,0,0,0,0,0,1,0,1,0,True,True,True,True,False,False,False,False,False,False,"recruiter/TA or opportunity-history signal present, region unresolved",1,24,"  ""atom"": {market: GLOBAL_OPPORTUNITY_UNRESOLVED_REGION, category: GLOBAL_OPPORTUNITY}"
Lesaffre,lesaffre,NEEDS_COMPANY_MAPPING,GLOBAL_OPPORTUNITY,,0.55,True,2,0,1,0,0,1,1,1,0,1,0,False,False,True,True,False,False,False,False,False,False,"recruiter/TA or opportunity-history signal present, region unresolved",1,24,"  ""lesaffre"": {market: GLOBAL_OPPORTUNITY_UNRESOLVED_REGION, category: GLOBAL_OPPORTUNITY}"
Objective,objective,NEEDS_COMPANY_MAPPING,GLOBAL_OPPORTUNITY,,0.55,True,4,2,0,0,0,0,4,0,0,0,0,False,False,False,False,False,False,False,False,False,False,"recruiter/TA or opportunity-history signal present, region unresolved",1,24,"  ""objective"": {market: GLOBAL_OPPORTUNITY_UNRESOLVED_REGION, category: GLOBAL_OPPORTUNITY}"
FALKENHERZ Group,falkenherz,NEEDS_COMPANY_MAPPING,GLOBAL_OPPORTUNITY,,0.55,True,2,0,0,0,0,0,1,1,0,0,0,False,False,True,True,False,False,False,False,False,False,"recruiter/TA or opportunity-history signal present, region unresolved",2,23,"  ""falkenherz group"": {market: GLOBAL_OPPORTUNITY_UNRESOLVED_REGION, category: GLOBAL_OPPORTUNITY}"
FALKEN Group Personalberatung GmbH,falken personalberatung,NEEDS_COMPANY_MAPPING,GLOBAL_OPPORTUNITY,,0.55,True,2,0,0,0,0,0,1,1,0,0,0,False,False,True,True,False,False,False,False,False,False,"recruiter/TA or opportunity-history signal present, region unresolved",2,23,"  ""falken group personalberatung gmbh"": {market: GLOBAL_OPPORTUNITY_UNRESOLVED_REGION, category: GLOBAL_OPPORTUNITY}"
Talention,talention,NEEDS_COMPANY_MAPPING,GLOBAL_OPPORTUNITY,,0.55,True,2,0,0,0,0,0,1,1,0,0,0,False,False,True,True,False,False,False,False,False,False,"recruiter/TA or opportunity-history signal present, region unresolved",2,23,"  ""talention"": {market: GLOBAL_OPPORTUNITY_UNRESOLVED_REGION, category: GLOBAL_OPPORTUNITY}"
Red Bull,red bull,NEEDS_COMPANY_MAPPING,GLOBAL_OPPORTUNITY,,0.55,True,2,0,0,0,0,0,1,1,0,0,0,False,False,True,True,False,False,False,False,False,False,"recruiter/TA or opportunity-history signal present, region unresolved",2,23,"  ""red bull"": {market: GLOBAL_OPPORTUNITY_UNRESOLVED_REGION, category: GLOBAL_OPPORTUNITY}"
Paytrack,paytrack,NEEDS_COMPANY_MAPPING,NEEDS_COMPANY_MAPPING,,0.0,True,3,0,0,0,0,0,3,0,0,0,0,False,False,False,False,False,False,False,False,False,False,"no keyword, dictionary, persona, or message signal found — needs manual research",2,23,
CESAR,cesar,NEEDS_COMPANY_MAPPING,NEEDS_COMPANY_MAPPING,,0.0,True,3,0,0,0,0,0,3,0,0,0,0,False,False,False,False,False,False,False,False,False,False,"no keyword, dictionary, persona, or message signal found — needs manual research",2,23,
Starian,starian,NEEDS_COMPANY_MAPPING,NEEDS_COMPANY_MAPPING,,0.0,True,3,0,0,0,0,0,3,0,0,0,0,False,False,False,False,False,False,False,False,False,False,"no keyword, dictionary, persona, or message signal found — needs manual research",2,23,
Palantec GmbH,palantec,NEEDS_COMPANY_MAPPING,GLOBAL_OPPORTUNITY,,0.55,True,2,0,0,0,0,0,1,1,0,0,0,False,False,True,True,False,False,False,False,False,False,"recruiter/TA or opportunity-history signal present, region unresolved",2,23,"  ""palantec gmbh"": {market: GLOBAL_OPPORTUNITY_UNRESOLVED_REGION, category: GLOBAL_OPPORTUNITY}"
Volvo Group,volvo,NEEDS_COMPANY_MAPPING,NEEDS_COMPANY_MAPPING,,0.0,True,3,0,0,0,0,0,3,0,0,0,0,False,False,False,False,False,False,False,False,False,False,"no keyword, dictionary, persona, or message signal found — needs manual research",2,23,
Vestas,vestas,NEEDS_COMPANY_MAPPING,NEEDS_COMPANY_MAPPING,,0.0,True,3,0,0,0,0,0,3,0,0,0,0,False,False,False,False,False,False,False,False,False,False,"no keyword, dictionary, persona, or message signal found — needs manual research",2,23,
Bio-Rad Laboratories,bio-rad laboratories,NEEDS_COMPANY_MAPPING,NEEDS_COMPANY_MAPPING,,0.0,True,3,0,0,0,0,0,3,0,0,0,0,False,False,False,False,False,False,False,False,False,False,"no keyword, dictionary, persona, or message signal found — needs manual research",2,23,
HVAR,hvar,NEEDS_COMPANY_MAPPING,GLOBAL_CONSULTING,,0.55,True,3,0,0,0,0,0,1,2,0,2,0,False,False,True,True,False,False,False,False,False,False,existing company category (GLOBAL_CONSULTING),1,23,"  ""hvar"": {market: GLOBAL_CONSULTING, category: GLOBAL_OPPORTUNITY}"
Fami Capital,fami capital,NEEDS_COMPANY_MAPPING,NEEDS_COMPANY_MAPPING,,0.0,True,3,0,0,0,0,0,3,0,0,0,0,False,False,False,False,False,False,False,False,False,False,"no keyword, dictionary, persona, or message signal found — needs manual research",2,23,
Auren Energia,auren energia,NEEDS_COMPANY_MAPPING,NEEDS_COMPANY_MAPPING,,0.0,True,3,0,0,0,0,0,3,0,0,0,0,False,False,False,False,False,False,False,False,False,False,"no keyword, dictionary, persona, or message signal found — needs manual research",2,23,
Rox Partner,rox partner,NEEDS_COMPANY_MAPPING,NEEDS_COMPANY_MAPPING,,0.0,True,3,0,0,0,0,0,3,0,0,0,0,False,False,False,False,False,False,False,False,False,False,"no keyword, dictionary, persona, or message signal found — needs manual research",2,23,
Mondelēz International,mondelēz international,NEEDS_COMPANY_MAPPING,NEEDS_COMPANY_MAPPING,,0.0,True,3,0,0,0,0,0,3,0,0,0,0,False,False,False,False,False,False,False,False,False,False,"no keyword, dictionary, persona, or message signal found — needs manual research",2,23,
ALOIA AEROSPACE INC,aloia aerospace,NEEDS_COMPANY_MAPPING,GLOBAL_OPPORTUNITY,,0.55,True,2,0,0,0,0,0,1,1,1,1,0,False,False,True,True,False,False,False,False,False,False,"recruiter/TA or opportunity-history signal present, region unresolved",1,23,"  ""aloia aerospace inc"": {market: GLOBAL_OPPORTUNITY_UNRESOLVED_REGION, category: GLOBAL_OPPORTUNITY}"
ACTIEF Personalmanagement GmbH,actief personalmanagement,NEEDS_COMPANY_MAPPING,GLOBAL_OPPORTUNITY,,0.55,True,2,0,0,0,0,0,1,1,0,0,0,False,False,True,True,False,False,False,False,False,False,"recruiter/TA or opportunity-history signal present, region unresolved",2,23,"  ""actief personalmanagement gmbh"": {market: GLOBAL_OPPORTUNITY_UNRESOLVED_REGION, category: GLOBAL_OPPORTUNITY}"
HRA Solutions,hra,NEEDS_COMPANY_MAPPING,GLOBAL_OPPORTUNITY,GLOBAL_CONSULTING,0.55,True,2,0,0,0,0,0,2,0,0,0,0,False,False,False,False,False,False,False,False,False,True,generic 'solutions' keyword in company name (weak signal),2,22,"  ""hra solutions"": {market: GLOBAL_OPPORTUNITY_UNRESOLVED_REGION, category: GLOBAL_CONSULTING}"
F1RST Tecnologia,f1rst tecnologia,NEEDS_COMPANY_MAPPING,NEEDS_COMPANY_MAPPING,,0.0,True,2,0,0,0,0,0,2,0,0,0,0,False,False,False,False,False,False,False,False,False,False,"no keyword, dictionary, persona, or message signal found — needs manual research",2,22,
Wilson Sons,wilson sons,NEEDS_COMPANY_MAPPING,NEEDS_COMPANY_MAPPING,,0.0,True,2,0,0,0,0,0,2,0,0,0,0,False,False,False,False,False,False,False,False,False,False,"no keyword, dictionary, persona, or message signal found — needs manual research",2,22,
SUBSCRIBE,subscribe,NEEDS_COMPANY_MAPPING,NEEDS_COMPANY_MAPPING,,0.0,True,2,0,0,0,0,0,2,0,0,0,0,False,False,False,False,False,False,False,False,False,False,"no keyword, dictionary, persona, or message signal found — needs manual research",2,22,
Aegea Saneamento,aegea saneamento,NEEDS_COMPANY_MAPPING,NEEDS_COMPANY_MAPPING,,0.0,True,3,0,0,0,0,0,2,0,0,0,0,False,False,False,False,False,False,False,False,False,False,"no keyword, dictionary, persona, or message signal found — needs manual research",2,22,
hub xp,hub xp,NEEDS_COMPANY_MAPPING,NEEDS_COMPANY_MAPPING,,0.0,True,2,0,0,0,0,0,2,0,0,0,0,False,False,False,False,False,False,False,False,False,False,"no keyword, dictionary, persona, or message signal found — needs manual research",2,22,
SysManager,sysmanager,NEEDS_COMPANY_MAPPING,NEEDS_COMPANY_MAPPING,,0.0,True,2,0,0,0,0,0,2,0,0,0,0,False,False,False,False,False,False,False,False,False,False,"no keyword, dictionary, persona, or message signal found — needs manual research",2,22,
MARS Solutions Group,mars,NEEDS_COMPANY_MAPPING,GLOBAL_OPPORTUNITY,GLOBAL_CONSULTING,0.55,True,2,0,0,0,0,0,2,0,0,0,0,False,False,False,False,False,False,False,False,False,True,generic 'solutions' keyword in company name (weak signal),2,22,"  ""mars solutions group"": {market: GLOBAL_OPPORTUNITY_UNRESOLVED_REGION, category: GLOBAL_CONSULTING}
  ""mars"": {market: GLOBAL_OPPORTUNITY_UNRESOLVED_REGION, category: GLOBAL_CONSULTING}"
Renault,renault,NEEDS_COMPANY_MAPPING,GLOBAL_OPPORTUNITY,,0.55,True,2,0,0,0,0,0,0,2,0,2,0,False,False,True,True,False,False,False,False,False,False,"recruiter/TA or opportunity-history signal present, region unresolved",1,22,"  ""renault"": {market: GLOBAL_OPPORTUNITY_UNRESOLVED_REGION, category: GLOBAL_OPPORTUNITY}"
Magnit Global,magnit,NEEDS_COMPANY_MAPPING,NEEDS_COMPANY_MAPPING,,0.0,True,2,0,0,0,0,0,2,0,0,0,0,False,False,False,False,False,False,False,False,False,False,"no keyword, dictionary, persona, or message signal found — needs manual research",2,22,
Tekgence Inc,tekgence,NEEDS_COMPANY_MAPPING,GLOBAL_OPPORTUNITY,,0.55,True,2,1,0,0,0,0,1,1,0,1,0,False,False,True,True,False,False,False,False,False,False,"recruiter/TA or opportunity-history signal present, region unresolved",1,22,"  ""tekgence inc"": {market: GLOBAL_OPPORTUNITY_UNRESOLVED_REGION, category: GLOBAL_OPPORTUNITY}"
MadeinWeb,madeinweb,NEEDS_COMPANY_MAPPING,GLOBAL_OPPORTUNITY,,0.55,True,2,1,0,0,0,0,1,1,0,1,0,False,False,True,True,False,False,False,False,False,False,"recruiter/TA or opportunity-history signal present, region unresolved",1,22,"  ""madeinweb"": {market: GLOBAL_OPPORTUNITY_UNRESOLVED_REGION, category: GLOBAL_OPPORTUNITY}"
TECNOMEC ENGINEERING SRL,tecnomec engineering srl,NEEDS_COMPANY_MAPPING,NEEDS_COMPANY_MAPPING,,0.0,True,2,0,0,0,0,0,2,0,0,0,0,False,False,False,False,False,False,False,False,False,False,"no keyword, dictionary, persona, or message signal found — needs manual research",2,22,
Horatio,horatio,NEEDS_COMPANY_MAPPING,NEEDS_COMPANY_MAPPING,,0.0,True,2,0,0,0,0,0,2,0,0,0,0,False,False,False,False,False,False,False,False,False,False,"no keyword, dictionary, persona, or message signal found — needs manual research",2,22,
GSW Soluções Integradas,gsw soluções integradas,NEEDS_COMPANY_MAPPING,GLOBAL_OPPORTUNITY,,0.55,True,2,1,0,0,0,0,1,1,0,1,0,False,False,True,True,False,False,False,False,False,False,"recruiter/TA or opportunity-history signal present, region unresolved",1,22,"  ""gsw soluções integradas"": {market: GLOBAL_OPPORTUNITY_UNRESOLVED_REGION, category: GLOBAL_OPPORTUNITY}"
HR-Werkstatt GmbH,hr-werkstatt,NEEDS_COMPANY_MAPPING,GLOBAL_OPPORTUNITY,,0.55,True,1,0,0,0,0,0,0,1,1,1,0,False,False,True,True,False,False,False,False,False,False,"recruiter/TA or opportunity-history signal present, region unresolved",1,22,"  ""hr-werkstatt gmbh"": {market: GLOBAL_OPPORTUNITY_UNRESOLVED_REGION, category: GLOBAL_OPPORTUNITY}"
QSOFT,qsoft,NEEDS_COMPANY_MAPPING,NEEDS_COMPANY_MAPPING,,0.0,True,2,0,0,0,0,0,2,0,0,0,0,False,False,False,False,False,False,False,False,False,False,"no keyword, dictionary, persona, or message signal found — needs manual research",2,22,
Elevation Partners,elevation partners,NEEDS_COMPANY_MAPPING,NEEDS_COMPANY_MAPPING,,0.0,True,2,0,0,0,0,0,2,0,0,0,0,False,False,False,False,False,False,False,False,False,False,"no keyword, dictionary, persona, or message signal found — needs manual research",2,22,
GP JOULE Gruppe,gp joule gruppe,NEEDS_COMPANY_MAPPING,NEEDS_COMPANY_MAPPING,,0.0,True,2,0,0,0,0,0,2,0,0,0,0,False,False,False,False,False,False,False,False,False,False,"no keyword, dictionary, persona, or message signal found — needs manual research",2,22,
Phiture,phiture,NEEDS_COMPANY_MAPPING,NEEDS_COMPANY_MAPPING,,0.0,True,2,0,0,0,0,0,2,0,0,0,0,False,False,False,False,False,False,False,False,False,False,"no keyword, dictionary, persona, or message signal found — needs manual research",2,22,
Aptita,aptita,NEEDS_COMPANY_MAPPING,GLOBAL_OPPORTUNITY,,0.55,True,1,0,0,0,0,0,0,1,1,1,0,False,False,True,True,False,False,False,False,False,False,"recruiter/TA or opportunity-history signal present, region unresolved",1,22,"  ""aptita"": {market: GLOBAL_OPPORTUNITY_UNRESOLVED_REGION, category: GLOBAL_OPPORTUNITY}"
CPQD,cpqd,NEEDS_COMPANY_MAPPING,NEEDS_COMPANY_MAPPING,,0.0,True,2,0,0,0,0,0,2,0,0,0,0,False,False,False,False,False,False,False,False,False,False,"no keyword, dictionary, persona, or message signal found — needs manual research",2,22,
Kanastra,kanastra,NEEDS_COMPANY_MAPPING,NEEDS_COMPANY_MAPPING,,0.0,True,2,0,0,0,0,0,2,0,0,0,0,False,False,False,False,False,False,False,False,False,False,"no keyword, dictionary, persona, or message signal found — needs manual research",2,22,
Keeta,keeta,NEEDS_COMPANY_MAPPING,NEEDS_COMPANY_MAPPING,,0.0,True,2,0,0,0,0,0,2,0,0,0,0,False,False,False,False,False,False,False,False,False,False,"no keyword, dictionary, persona, or message signal found — needs manual research",2,22,
InSync Jobs,insync jobs,NEEDS_COMPANY_MAPPING,GLOBAL_OPPORTUNITY,,0.55,True,2,1,0,0,0,0,1,1,0,1,0,False,False,True,True,False,False,False,False,False,False,"recruiter/TA or opportunity-history signal present, region unresolved",1,22,"  ""insync jobs"": {market: GLOBAL_OPPORTUNITY_UNRESOLVED_REGION, category: GLOBAL_OPPORTUNITY}"
Doctolib GmbH,doctolib,NEEDS_COMPANY_MAPPING,GLOBAL_OPPORTUNITY,,0.55,True,2,1,0,0,0,0,1,1,0,1,0,False,False,True,True,False,False,False,False,False,False,"recruiter/TA or opportunity-history signal present, region unresolved",1,22,"  ""doctolib gmbh"": {market: GLOBAL_OPPORTUNITY_UNRESOLVED_REGION, category: GLOBAL_OPPORTUNITY}"
Descomplica,descomplica,NEEDS_COMPANY_MAPPING,NEEDS_COMPANY_MAPPING,,0.0,True,2,0,0,0,0,0,2,0,0,0,0,False,False,False,False,False,False,False,False,False,False,"no keyword, dictionary, persona, or message signal found — needs manual research",2,22,
Arvenda LLC,arvenda,NEEDS_COMPANY_MAPPING,GLOBAL_OPPORTUNITY,,0.55,True,2,0,0,0,0,0,0,2,0,2,0,False,False,True,True,False,False,False,False,False,False,"recruiter/TA or opportunity-history signal present, region unresolved",1,22,"  ""arvenda llc"": {market: GLOBAL_OPPORTUNITY_UNRESOLVED_REGION, category: GLOBAL_OPPORTUNITY}"
ASSA ABLOY Group,assa abloy,NEEDS_COMPANY_MAPPING,GLOBAL_OPPORTUNITY,,0.55,True,2,0,0,0,0,0,0,2,0,2,0,False,False,True,True,False,False,False,False,False,False,"recruiter/TA or opportunity-history signal present, region unresolved",1,22,"  ""assa abloy group"": {market: GLOBAL_OPPORTUNITY_UNRESOLVED_REGION, category: GLOBAL_OPPORTUNITY}"
Prefeitura de Cubatão,prefeitura de cubatão,NEEDS_COMPANY_MAPPING,NEEDS_COMPANY_MAPPING,,0.0,True,2,0,0,0,0,0,2,0,0,0,0,False,False,False,False,False,False,False,False,False,False,"no keyword, dictionary, persona, or message signal found — needs manual research",2,22,
