kpi,value
report_date,2026-09-21
total_connections,12767
high_priority,276
medium_priority,4444
low_priority,8047
high_priority_pct,2.2
medium_priority_pct,34.8
brazil_count,906
latam_usd_count,380
us_nearshore_count,246
spain_eu_count,66
europe_count,187
global_staffing_count,58
global_tech_count,7
global_consulting_count,416
unknown_count,10501
unknown_pct,82.3
recruiters_total,1523
talent_hr_total,2670
hiring_managers_total,83
data_leaders_total,967
data_peers_total,1005
connected_last_30_days,720
connected_last_90_days,2162
strategic_network_score,97.5
strategic_network_level,Strong
strategic_network_desc,"Your professional network is genuinely strong. Large pool of recruiters, hiring managers, and data leaders."
sns_recruiters,1523
sns_talent_acquisition,1352
sns_hiring_managers,83
sns_data_leaders,967
sns_data_peers,1005
sns_high_priority,276
usd_readiness_score,82.6
usd_readiness_level,Ready
usd_readiness_desc,Strong USD network. Active outreach should yield job conversations quickly.
usd_readiness_next,You have 84 confirmed USD recruiters. Target: 60. Add 0 more to grow this score.
usd_latam_usd_recruiters,53
usd_latam_usd_ta,87
usd_latam_usd_hiring_mgrs,0
usd_latam_usd_data_leaders,44
usd_us_ca_recruiters,31
usd_us_ca_ta,26
usd_us_ca_hiring_mgrs,5
usd_global_recruiters_partial,110
usd_global_ta_partial,58
usd_global_hm_partial,0
usd_unknown_high_value_partial,72
spain_eu_readiness_score,65.2
spain_eu_readiness_level,Ready
spain_eu_readiness_desc,Strong Spain/EU foundation. Good positioning for relocation.
spain_eu_readiness_next,"You have 19 confirmed Spain/EU recruiters (target: 40). Add 21 more via ERNI, Stratesys, Capgemini Spain."
spain_spain_eu_recruiters,19
spain_spain_eu_ta,44
spain_spain_eu_hiring_mgrs,3
spain_spain_eu_data_leaders,27
spain_global_partial_credit,27.7
market_confidence_score,17.7
market_known_count,2266
market_high_conf_count,2266
market_known_pct,17.7
market_high_conf_pct,17.7
global_opportunity_score,70.0
global_opportunity_total,481
global_recruiters,168
global_hiring_mgrs,0
global_data_leaders,35
actionable_contacts_score,100.0
actionable_contacts,682
very_high_priority,276
unknown_resolution_score,7.1
unknown_resolution_potential,7.1
top25_company_coverage,748
top50_company_coverage,1077
top100_company_coverage,1495
data_quality_risk_score,90.5
data_quality_risk_level,High Risk
data_quality_risk_desc,Most market inferences are unresolved. Readiness scores are conservative estimates.
market_readiness_composite,75.6
unknown_recruiters_highvalue,234
unknown_hiring_mgrs_highvalue,10
unknown_data_leaders_highvalue,128
unknown_peers,769
technical_geo_limitation_note,"Exact geography is unavailable from LinkedIn export; opportunity buckets are inferred from company, title, persona, language, message history, and manual enrichment. This is an action backlog, not a data failure."
