company_name,company_follow_key,followed_on,days_since_followed,matched_connection_count,matched_recruiters,matched_talent_acquisition,matched_hiring_managers,matched_data_leaders,matched_top_contacts,matched_untapped_contacts,matched_lead_reactivation_contacts,matched_opportunity_history_events,matched_inbound_opportunities,matched_soft_closed_leads,matched_usd_crm_leads,likely_company_category,likely_opportunity_bucket,follow_signal_confidence,company_follow_reason,signals
Insi,insi,2026-07-01,82,9,3,0,0,0,0,5,4,4,0,0,4,,,0.0,"no company dictionary, keyword, or market signal found — needs manual review",FOLLOWED_COMPANY_RECRUITER_SIGNAL; FOLLOWED_COMPANY_WITH_MESSAGE_HISTORY; FOLLOWED_COMPANY_WITH_OPPORTUNITY_SIGNAL; FOLLOWED_COMPANY_NEEDS_REVIEW
Kopius,kopius,2026-07-16,67,2,2,0,0,0,0,0,2,2,0,0,2,,,0.0,"no company dictionary, keyword, or market signal found — needs manual review",FOLLOWED_COMPANY_RECRUITER_SIGNAL; FOLLOWED_COMPANY_WITH_MESSAGE_HISTORY; FOLLOWED_COMPANY_WITH_OPPORTUNITY_SIGNAL; FOLLOWED_COMPANY_NEEDS_REVIEW
TechBridge,techbridge,2026-07-17,66,2,2,0,0,0,0,0,2,1,0,0,2,,,0.0,"no company dictionary, keyword, or market signal found — needs manual review",FOLLOWED_COMPANY_RECRUITER_SIGNAL; FOLLOWED_COMPANY_WITH_MESSAGE_HISTORY; FOLLOWED_COMPANY_WITH_OPPORTUNITY_SIGNAL; FOLLOWED_COMPANY_NEEDS_REVIEW
TeamUp,teamup,2026-07-02,81,2,1,1,0,0,0,0,2,2,0,0,2,,,0.0,"no company dictionary, keyword, or market signal found — needs manual review",FOLLOWED_COMPANY_RECRUITER_SIGNAL; FOLLOWED_COMPANY_WITH_MESSAGE_HISTORY; FOLLOWED_COMPANY_WITH_OPPORTUNITY_SIGNAL; FOLLOWED_COMPANY_NEEDS_REVIEW
FitNext Co.,fitnext,2026-07-16,67,2,1,0,0,0,0,0,2,3,0,1,2,,,0.0,"no company dictionary, keyword, or market signal found — needs manual review",FOLLOWED_COMPANY_RECRUITER_SIGNAL; FOLLOWED_COMPANY_WITH_MESSAGE_HISTORY; FOLLOWED_COMPANY_WITH_OPPORTUNITY_SIGNAL; FOLLOWED_COMPANY_NEEDS_REVIEW
Nitka,nitka,2026-06-30,83,2,1,0,0,0,0,0,2,3,0,0,2,,,0.0,"no company dictionary, keyword, or market signal found — needs manual review",FOLLOWED_COMPANY_RECRUITER_SIGNAL; FOLLOWED_COMPANY_WITH_MESSAGE_HISTORY; FOLLOWED_COMPANY_WITH_OPPORTUNITY_SIGNAL; FOLLOWED_COMPANY_NEEDS_REVIEW
GlobalTask,globaltask,2026-09-07,14,1,1,0,0,0,0,0,1,1,0,0,1,,,0.0,"no company dictionary, keyword, or market signal found — needs manual review",FOLLOWED_COMPANY_RECRUITER_SIGNAL; RECENTLY_FOLLOWED_COMPANY; FOLLOWED_COMPANY_WITH_MESSAGE_HISTORY; FOLLOWED_COMPANY_WITH_OPPORTUNITY_SIGNAL; FOLLOWED_COMPANY_NEEDS_REVIEW
Telnyx,telnyx,2026-08-28,24,1,1,0,0,0,0,0,1,1,0,0,1,,,0.0,"no company dictionary, keyword, or market signal found — needs manual review",FOLLOWED_COMPANY_RECRUITER_SIGNAL; RECENTLY_FOLLOWED_COMPANY; FOLLOWED_COMPANY_WITH_MESSAGE_HISTORY; FOLLOWED_COMPANY_WITH_OPPORTUNITY_SIGNAL; FOLLOWED_COMPANY_NEEDS_REVIEW
Listo,listo,2026-08-04,48,1,1,0,0,0,0,0,1,1,0,0,1,,,0.0,"no company dictionary, keyword, or market signal found — needs manual review",FOLLOWED_COMPANY_RECRUITER_SIGNAL; FOLLOWED_COMPANY_WITH_MESSAGE_HISTORY; FOLLOWED_COMPANY_WITH_OPPORTUNITY_SIGNAL; FOLLOWED_COMPANY_NEEDS_REVIEW
Data Meaning,data meaning,2026-07-11,72,1,1,0,0,0,0,0,1,1,0,0,1,,,0.0,"no company dictionary, keyword, or market signal found — needs manual review",FOLLOWED_COMPANY_RECRUITER_SIGNAL; FOLLOWED_COMPANY_WITH_MESSAGE_HISTORY; FOLLOWED_COMPANY_WITH_OPPORTUNITY_SIGNAL; FOLLOWED_COMPANY_NEEDS_REVIEW
Nimble.LA,nimble la,2026-06-16,97,3,0,3,0,0,0,0,3,3,0,0,3,,,0.0,"no company dictionary, keyword, or market signal found — needs manual review",FOLLOWED_COMPANY_RECRUITER_SIGNAL; FOLLOWED_COMPANY_WITH_MESSAGE_HISTORY; FOLLOWED_COMPANY_WITH_OPPORTUNITY_SIGNAL; FOLLOWED_COMPANY_NEEDS_REVIEW
Cloud Employee,cloud employee,2026-08-14,38,2,0,2,0,0,0,1,1,1,0,0,1,,,0.0,"no company dictionary, keyword, or market signal found — needs manual review",FOLLOWED_COMPANY_RECRUITER_SIGNAL; FOLLOWED_COMPANY_WITH_MESSAGE_HISTORY; FOLLOWED_COMPANY_WITH_OPPORTUNITY_SIGNAL; FOLLOWED_COMPANY_NEEDS_REVIEW
Celonis,celonis,2026-08-22,30,4,0,1,0,0,0,1,3,3,0,0,3,,,0.0,"no company dictionary, keyword, or market signal found — needs manual review",FOLLOWED_COMPANY_RECRUITER_SIGNAL; RECENTLY_FOLLOWED_COMPANY; FOLLOWED_COMPANY_WITH_MESSAGE_HISTORY; FOLLOWED_COMPANY_WITH_OPPORTUNITY_SIGNAL; FOLLOWED_COMPANY_NEEDS_REVIEW
"Svitla Systems, Inc.",svitla systems,2026-08-13,39,1,0,1,0,0,0,0,1,1,0,0,1,,,0.0,"no company dictionary, keyword, or market signal found — needs manual review",FOLLOWED_COMPANY_RECRUITER_SIGNAL; FOLLOWED_COMPANY_WITH_MESSAGE_HISTORY; FOLLOWED_COMPANY_WITH_OPPORTUNITY_SIGNAL; FOLLOWED_COMPANY_NEEDS_REVIEW
Prodezk,prodezk,2026-08-11,41,1,0,1,0,0,0,0,1,1,0,0,1,,,0.0,"no company dictionary, keyword, or market signal found — needs manual review",FOLLOWED_COMPANY_RECRUITER_SIGNAL; FOLLOWED_COMPANY_WITH_MESSAGE_HISTORY; FOLLOWED_COMPANY_WITH_OPPORTUNITY_SIGNAL; FOLLOWED_COMPANY_NEEDS_REVIEW
PiplNow LLC,piplnow,2026-07-07,76,1,0,1,0,0,0,0,1,1,0,0,1,,,0.0,"no company dictionary, keyword, or market signal found — needs manual review",FOLLOWED_COMPANY_RECRUITER_SIGNAL; FOLLOWED_COMPANY_WITH_MESSAGE_HISTORY; FOLLOWED_COMPANY_WITH_OPPORTUNITY_SIGNAL; FOLLOWED_COMPANY_NEEDS_REVIEW
American IT Systems,american it systems,2026-09-09,12,1,0,1,0,0,0,1,0,0,0,0,0,,,0.0,"no company dictionary, keyword, or market signal found — needs manual review",FOLLOWED_COMPANY_RECRUITER_SIGNAL; RECENTLY_FOLLOWED_COMPANY; FOLLOWED_COMPANY_NEEDS_REVIEW
WPP Enterprise Solutions,wpp enterprise,2026-06-30,83,1,0,1,0,0,0,1,0,0,0,0,0,,,0.0,"no company dictionary, keyword, or market signal found — needs manual review",FOLLOWED_COMPANY_RECRUITER_SIGNAL; FOLLOWED_COMPANY_NEEDS_REVIEW
WeCogno,wecogno,2026-08-19,33,3,0,0,0,0,0,1,2,2,0,0,2,,,0.0,"no company dictionary, keyword, or market signal found — needs manual review",FOLLOWED_COMPANY_WITH_MESSAGE_HISTORY; FOLLOWED_COMPANY_WITH_OPPORTUNITY_SIGNAL; FOLLOWED_COMPANY_NEEDS_REVIEW
Parser,parser,2026-09-03,18,2,0,0,0,0,0,0,2,2,0,0,2,,,0.0,"no company dictionary, keyword, or market signal found — needs manual review",RECENTLY_FOLLOWED_COMPANY; FOLLOWED_COMPANY_WITH_MESSAGE_HISTORY; FOLLOWED_COMPANY_WITH_OPPORTUNITY_SIGNAL; FOLLOWED_COMPANY_NEEDS_REVIEW
Grupo Educacional Primum,grupo educacional primum,2026-07-02,81,1,0,0,0,1,0,0,1,2,0,0,1,,,0.0,"no company dictionary, keyword, or market signal found — needs manual review",FOLLOWED_COMPANY_WITH_MESSAGE_HISTORY; FOLLOWED_COMPANY_WITH_OPPORTUNITY_SIGNAL; FOLLOWED_COMPANY_NEEDS_REVIEW
Pixida do Brasil,pixida do,2026-07-06,77,2,0,0,1,0,0,1,1,1,0,0,1,,,0.0,"no company dictionary, keyword, or market signal found — needs manual review",FOLLOWED_COMPANY_WITH_MESSAGE_HISTORY; FOLLOWED_COMPANY_WITH_OPPORTUNITY_SIGNAL; FOLLOWED_COMPANY_NEEDS_REVIEW
Zukk,zukk,2026-06-08,105,2,0,0,1,0,0,1,1,1,0,0,1,,,0.0,"no company dictionary, keyword, or market signal found — needs manual review",FOLLOWED_COMPANY_WITH_MESSAGE_HISTORY; FOLLOWED_COMPANY_WITH_OPPORTUNITY_SIGNAL; FOLLOWED_COMPANY_NEEDS_REVIEW
Noblesoft Technologies,noblesoft,2026-09-10,11,1,0,0,0,0,0,0,1,1,1,0,1,,,0.0,"no company dictionary, keyword, or market signal found — needs manual review",RECENTLY_FOLLOWED_COMPANY; FOLLOWED_COMPANY_WITH_MESSAGE_HISTORY; FOLLOWED_COMPANY_WITH_OPPORTUNITY_SIGNAL; FOLLOWED_COMPANY_NEEDS_REVIEW
EON TECH,eon,2026-09-02,19,1,0,0,0,0,0,0,1,1,0,0,1,,,0.0,"no company dictionary, keyword, or market signal found — needs manual review",RECENTLY_FOLLOWED_COMPANY; FOLLOWED_COMPANY_WITH_MESSAGE_HISTORY; FOLLOWED_COMPANY_WITH_OPPORTUNITY_SIGNAL; FOLLOWED_COMPANY_NEEDS_REVIEW
Dura Digital,dura,2026-08-27,25,1,0,0,0,0,0,0,1,1,0,0,1,,,0.0,"no company dictionary, keyword, or market signal found — needs manual review",RECENTLY_FOLLOWED_COMPANY; FOLLOWED_COMPANY_WITH_MESSAGE_HISTORY; FOLLOWED_COMPANY_WITH_OPPORTUNITY_SIGNAL; FOLLOWED_COMPANY_NEEDS_REVIEW
Ewents,ewents,2026-08-26,26,1,0,0,0,0,0,0,1,1,0,0,1,,,0.0,"no company dictionary, keyword, or market signal found — needs manual review",RECENTLY_FOLLOWED_COMPANY; FOLLOWED_COMPANY_WITH_MESSAGE_HISTORY; FOLLOWED_COMPANY_WITH_OPPORTUNITY_SIGNAL; FOLLOWED_COMPANY_NEEDS_REVIEW
Rising Capital Humano,rising capital humano,2026-08-14,38,1,0,0,0,0,0,0,1,1,0,0,1,,,0.0,"no company dictionary, keyword, or market signal found — needs manual review",FOLLOWED_COMPANY_WITH_MESSAGE_HISTORY; FOLLOWED_COMPANY_WITH_OPPORTUNITY_SIGNAL; FOLLOWED_COMPANY_NEEDS_REVIEW
Recrucial,recrucial,2026-08-14,38,1,0,0,0,0,0,0,1,1,0,0,1,,,0.0,"no company dictionary, keyword, or market signal found — needs manual review",FOLLOWED_COMPANY_WITH_MESSAGE_HISTORY; FOLLOWED_COMPANY_WITH_OPPORTUNITY_SIGNAL; FOLLOWED_COMPANY_NEEDS_REVIEW
Miner,miner,2026-08-06,46,1,0,0,0,0,0,0,1,1,0,0,1,,,0.0,"no company dictionary, keyword, or market signal found — needs manual review",FOLLOWED_COMPANY_WITH_MESSAGE_HISTORY; FOLLOWED_COMPANY_WITH_OPPORTUNITY_SIGNAL; FOLLOWED_COMPANY_NEEDS_REVIEW
Adastra,adastra,2026-07-25,58,1,0,0,0,0,0,0,1,1,1,0,1,,,0.0,"no company dictionary, keyword, or market signal found — needs manual review",FOLLOWED_COMPANY_WITH_MESSAGE_HISTORY; FOLLOWED_COMPANY_WITH_OPPORTUNITY_SIGNAL; FOLLOWED_COMPANY_NEEDS_REVIEW
Ascentt,ascentt,2026-07-22,61,1,0,0,0,0,0,0,1,1,0,0,1,,,0.0,"no company dictionary, keyword, or market signal found — needs manual review",FOLLOWED_COMPANY_WITH_MESSAGE_HISTORY; FOLLOWED_COMPANY_WITH_OPPORTUNITY_SIGNAL; FOLLOWED_COMPANY_NEEDS_REVIEW
Talentful,talentful,2026-07-04,79,1,0,0,0,0,0,0,1,1,0,0,1,,,0.0,"no company dictionary, keyword, or market signal found — needs manual review",FOLLOWED_COMPANY_WITH_MESSAGE_HISTORY; FOLLOWED_COMPANY_WITH_OPPORTUNITY_SIGNAL; FOLLOWED_COMPANY_NEEDS_REVIEW
INFOMOTION GmbH,infomotion,2026-07-02,81,1,0,0,0,0,0,0,1,1,0,0,1,,,0.0,"no company dictionary, keyword, or market signal found — needs manual review",FOLLOWED_COMPANY_WITH_MESSAGE_HISTORY; FOLLOWED_COMPANY_WITH_OPPORTUNITY_SIGNAL; FOLLOWED_COMPANY_NEEDS_REVIEW
Extractta,extractta,2026-06-25,88,1,0,0,0,0,0,0,1,1,0,0,1,,,0.0,"no company dictionary, keyword, or market signal found — needs manual review",FOLLOWED_COMPANY_WITH_MESSAGE_HISTORY; FOLLOWED_COMPANY_WITH_OPPORTUNITY_SIGNAL; FOLLOWED_COMPANY_NEEDS_REVIEW
Onze IT,onze it,2026-06-16,97,1,0,0,0,0,0,0,1,1,0,0,1,,,0.0,"no company dictionary, keyword, or market signal found — needs manual review",FOLLOWED_COMPANY_WITH_MESSAGE_HISTORY; FOLLOWED_COMPANY_WITH_OPPORTUNITY_SIGNAL; FOLLOWED_COMPANY_NEEDS_REVIEW
JobMetasearch,jobmetasearch,2026-06-09,104,1,0,0,0,0,0,0,1,1,0,0,0,,,0.0,"no company dictionary, keyword, or market signal found — needs manual review",FOLLOWED_COMPANY_WITH_MESSAGE_HISTORY; FOLLOWED_COMPANY_WITH_OPPORTUNITY_SIGNAL; FOLLOWED_COMPANY_NEEDS_REVIEW
Epassi Deutschland,epassi deutschland,2026-08-19,33,1,0,0,0,0,0,1,0,0,0,0,0,,,0.0,"no company dictionary, keyword, or market signal found — needs manual review",FOLLOWED_COMPANY_NEEDS_REVIEW
Exadel People,exadel people,2026-07-01,82,1,0,0,0,0,0,1,0,0,0,0,0,,,0.0,"no company dictionary, keyword, or market signal found — needs manual review",FOLLOWED_COMPANY_NEEDS_REVIEW
Oremota,oremota,2026-09-20,1,0,0,0,0,0,0,0,0,0,0,0,0,,,0.0,"no company dictionary, keyword, or market signal found — needs manual review",RECENTLY_FOLLOWED_COMPANY; FOLLOWED_COMPANY_NEEDS_REVIEW
Suiteify,suiteify,2026-09-18,3,0,0,0,0,0,0,0,0,0,0,0,0,,,0.0,"no company dictionary, keyword, or market signal found — needs manual review",RECENTLY_FOLLOWED_COMPANY; FOLLOWED_COMPANY_NEEDS_REVIEW
Ellis Group,ellis,2026-09-16,5,0,0,0,0,0,0,0,0,0,0,0,0,,,0.0,"no company dictionary, keyword, or market signal found — needs manual review",RECENTLY_FOLLOWED_COMPANY; FOLLOWED_COMPANY_NEEDS_REVIEW
Lenotis,lenotis,2026-09-10,11,0,0,0,0,0,0,0,0,0,0,0,0,,,0.0,"no company dictionary, keyword, or market signal found — needs manual review",RECENTLY_FOLLOWED_COMPANY; FOLLOWED_COMPANY_NEEDS_REVIEW
Darwoft,darwoft,2026-09-09,12,0,0,0,0,0,0,0,0,0,0,0,0,,,0.0,"no company dictionary, keyword, or market signal found — needs manual review",RECENTLY_FOLLOWED_COMPANY; FOLLOWED_COMPANY_NEEDS_REVIEW
Abstra,abstra,2026-09-08,13,0,0,0,0,0,0,0,0,0,0,0,0,,,0.0,"no company dictionary, keyword, or market signal found — needs manual review",RECENTLY_FOLLOWED_COMPANY; FOLLOWED_COMPANY_NEEDS_REVIEW
Prosper Global,prosper,2026-09-08,13,0,0,0,0,0,0,0,0,0,0,0,0,,GLOBAL_OPPORTUNITY,0.7,international/remote keyword in company name,RECENTLY_FOLLOWED_COMPANY
Norlys,norlys,2026-09-08,13,0,0,0,0,0,0,0,0,0,0,0,0,,,0.0,"no company dictionary, keyword, or market signal found — needs manual review",RECENTLY_FOLLOWED_COMPANY; FOLLOWED_COMPANY_NEEDS_REVIEW
Fraxion,fraxion,2026-09-04,17,0,0,0,0,0,0,0,0,0,0,0,0,,,0.0,"no company dictionary, keyword, or market signal found — needs manual review",RECENTLY_FOLLOWED_COMPANY; FOLLOWED_COMPANY_NEEDS_REVIEW
Fiber Glass Systems,fiber glass systems,2026-09-04,17,0,0,0,0,0,0,0,0,0,0,0,0,,,0.0,"no company dictionary, keyword, or market signal found — needs manual review",RECENTLY_FOLLOWED_COMPANY; FOLLOWED_COMPANY_NEEDS_REVIEW
Swisspower Renewables,swisspower renewables,2026-09-02,19,0,0,0,0,0,0,0,0,0,0,0,0,,,0.0,"no company dictionary, keyword, or market signal found — needs manual review",RECENTLY_FOLLOWED_COMPANY; FOLLOWED_COMPANY_NEEDS_REVIEW
Sentio Group,sentio,2026-09-02,19,0,0,0,0,0,0,0,0,0,0,0,0,,,0.0,"no company dictionary, keyword, or market signal found — needs manual review",RECENTLY_FOLLOWED_COMPANY; FOLLOWED_COMPANY_NEEDS_REVIEW
Key2 DataSyn,key2 datasyn,2026-09-01,20,0,0,0,0,0,0,0,0,0,0,0,0,,,0.0,"no company dictionary, keyword, or market signal found — needs manual review",RECENTLY_FOLLOWED_COMPANY; FOLLOWED_COMPANY_NEEDS_REVIEW
Henkia,henkia,2026-09-01,20,0,0,0,0,0,0,0,0,0,0,0,0,,,0.0,"no company dictionary, keyword, or market signal found — needs manual review",RECENTLY_FOLLOWED_COMPANY; FOLLOWED_COMPANY_NEEDS_REVIEW
pulse by solutions,pulse by,2026-08-22,30,0,0,0,0,0,0,0,0,0,0,0,0,,,0.0,"no company dictionary, keyword, or market signal found — needs manual review",RECENTLY_FOLLOWED_COMPANY; FOLLOWED_COMPANY_NEEDS_REVIEW
ENEFIT,enefit,2026-08-20,32,0,0,0,0,0,0,0,0,0,0,0,0,,,0.0,"no company dictionary, keyword, or market signal found — needs manual review",FOLLOWED_COMPANY_NEEDS_REVIEW
Limpotel Sol,limpotel sol,2026-08-17,35,0,0,0,0,0,0,0,0,0,0,0,0,,,0.0,"no company dictionary, keyword, or market signal found — needs manual review",FOLLOWED_COMPANY_NEEDS_REVIEW
MyControlHR,mycontrolhr,2026-08-17,35,0,0,0,0,0,0,0,0,0,0,0,0,,,0.0,"no company dictionary, keyword, or market signal found — needs manual review",FOLLOWED_COMPANY_NEEDS_REVIEW
Remote Job Hub,remote job hub,2026-08-17,35,0,0,0,0,0,0,0,0,0,0,0,0,,GLOBAL_OPPORTUNITY,0.7,international/remote keyword in company name,
Tree Immersion Technologies,tree immersion,2026-08-12,40,0,0,0,0,0,0,0,0,0,0,0,0,,,0.0,"no company dictionary, keyword, or market signal found — needs manual review",FOLLOWED_COMPANY_NEEDS_REVIEW
Remote Jobs,remote jobs,2026-08-05,47,0,0,0,0,0,0,0,0,0,0,0,0,,GLOBAL_OPPORTUNITY,0.7,international/remote keyword in company name,
Charterhouse Partnership,charterhouse partnership,2026-08-05,47,0,0,0,0,0,0,0,0,0,0,0,0,,,0.0,"no company dictionary, keyword, or market signal found — needs manual review",FOLLOWED_COMPANY_NEEDS_REVIEW
Halian,halian,2026-08-04,48,0,0,0,0,0,0,0,0,0,0,0,0,,,0.0,"no company dictionary, keyword, or market signal found — needs manual review",FOLLOWED_COMPANY_NEEDS_REVIEW
AjaxTI,ajaxti,2026-08-03,49,0,0,0,0,0,0,0,0,0,0,0,0,,,0.0,"no company dictionary, keyword, or market signal found — needs manual review",FOLLOWED_COMPANY_NEEDS_REVIEW
KPMG Middle East,kpmg middle east,2026-08-01,51,0,0,0,0,0,0,0,0,0,0,0,0,,,0.0,"no company dictionary, keyword, or market signal found — needs manual review",FOLLOWED_COMPANY_NEEDS_REVIEW
Vagas GSW Software,vagas gsw software,2026-07-31,52,0,0,0,0,0,0,0,0,0,0,0,0,,,0.0,"no company dictionary, keyword, or market signal found — needs manual review",FOLLOWED_COMPANY_NEEDS_REVIEW
Klube Capital,klube capital,2026-07-29,54,0,0,0,0,0,0,0,0,0,0,0,0,,,0.0,"no company dictionary, keyword, or market signal found — needs manual review",FOLLOWED_COMPANY_NEEDS_REVIEW
Naresh i Technologies,naresh i,2026-07-27,56,0,0,0,0,0,0,0,0,0,0,0,0,,,0.0,"no company dictionary, keyword, or market signal found — needs manual review",FOLLOWED_COMPANY_NEEDS_REVIEW
Entrepreneur Stories,entrepreneur stories,2026-07-25,58,0,0,0,0,0,0,0,0,0,0,0,0,,,0.0,"no company dictionary, keyword, or market signal found — needs manual review",FOLLOWED_COMPANY_NEEDS_REVIEW
Mitratech,mitratech,2026-07-22,61,0,0,0,0,0,0,0,0,0,0,0,0,,,0.0,"no company dictionary, keyword, or market signal found — needs manual review",FOLLOWED_COMPANY_NEEDS_REVIEW
The Right Hire Latam,the right hire,2026-07-22,61,0,0,0,0,0,0,0,0,0,0,0,0,,LATAM_USD_LIKELY,0.85,LATAM/nearshore keyword in company name,
Joyit,joyit,2026-07-21,62,0,0,0,0,0,0,0,0,0,0,0,0,,,0.0,"no company dictionary, keyword, or market signal found — needs manual review",FOLLOWED_COMPANY_NEEDS_REVIEW
Knowtrex GmbH,knowtrex,2026-07-20,63,0,0,0,0,0,0,0,0,0,0,0,0,,,0.0,"no company dictionary, keyword, or market signal found — needs manual review",FOLLOWED_COMPANY_NEEDS_REVIEW
Muttdata,muttdata,2026-07-17,66,0,0,0,0,0,0,0,0,0,0,0,0,,,0.0,"no company dictionary, keyword, or market signal found — needs manual review",FOLLOWED_COMPANY_NEEDS_REVIEW
CLOOUD,clooud,2026-07-16,67,0,0,0,0,0,0,0,0,0,0,0,0,,,0.0,"no company dictionary, keyword, or market signal found — needs manual review",FOLLOWED_COMPANY_NEEDS_REVIEW
AIVI,aivi,2026-07-16,67,0,0,0,0,0,0,0,0,0,0,0,0,,,0.0,"no company dictionary, keyword, or market signal found — needs manual review",FOLLOWED_COMPANY_NEEDS_REVIEW
Instituto Daryus,instituto daryus,2026-07-15,68,0,0,0,0,0,0,0,0,0,0,0,0,,,0.0,"no company dictionary, keyword, or market signal found — needs manual review",FOLLOWED_COMPANY_NEEDS_REVIEW
Mas Insights,mas insights,2026-07-14,69,0,0,0,0,0,0,0,0,0,0,0,0,,,0.0,"no company dictionary, keyword, or market signal found — needs manual review",FOLLOWED_COMPANY_NEEDS_REVIEW
Munich Re Specialty,munich re specialty,2026-07-11,72,0,0,0,0,0,0,0,0,0,0,0,0,,,0.0,"no company dictionary, keyword, or market signal found — needs manual review",FOLLOWED_COMPANY_NEEDS_REVIEW
Key2 Research,key2 research,2026-07-06,77,0,0,0,0,0,0,0,0,0,0,0,0,,,0.0,"no company dictionary, keyword, or market signal found — needs manual review",FOLLOWED_COMPANY_NEEDS_REVIEW
Principal Financial Group,principal financial,2026-07-03,80,0,0,0,0,0,0,0,0,0,0,0,0,,,0.0,"no company dictionary, keyword, or market signal found — needs manual review",FOLLOWED_COMPANY_NEEDS_REVIEW
NIR-YU,nir yu,2026-07-02,81,0,0,0,0,0,0,0,0,0,0,0,0,,,0.0,"no company dictionary, keyword, or market signal found — needs manual review",FOLLOWED_COMPANY_NEEDS_REVIEW
Prosas,prosas,2026-07-02,81,0,0,0,0,0,0,0,0,0,0,0,0,,,0.0,"no company dictionary, keyword, or market signal found — needs manual review",FOLLOWED_COMPANY_NEEDS_REVIEW
BIGCORE,bigcore,2026-07-01,82,0,0,0,0,0,0,0,0,0,0,0,0,,,0.0,"no company dictionary, keyword, or market signal found — needs manual review",FOLLOWED_COMPANY_NEEDS_REVIEW
ExploreK12,explorek12,2026-07-01,82,0,0,0,0,0,0,0,0,0,0,0,0,,,0.0,"no company dictionary, keyword, or market signal found — needs manual review",FOLLOWED_COMPANY_NEEDS_REVIEW
Hireincrypto,hireincrypto,2026-06-26,87,0,0,0,0,0,0,0,0,0,0,0,0,,,0.0,"no company dictionary, keyword, or market signal found — needs manual review",FOLLOWED_COMPANY_NEEDS_REVIEW
Latino Legends,latino legends,2026-06-24,89,0,0,0,0,0,0,0,0,0,0,0,0,,,0.0,"no company dictionary, keyword, or market signal found — needs manual review",FOLLOWED_COMPANY_NEEDS_REVIEW
Sylvamo,sylvamo,2026-06-23,90,0,0,0,0,0,0,0,0,0,0,0,0,,,0.0,"no company dictionary, keyword, or market signal found — needs manual review",FOLLOWED_COMPANY_NEEDS_REVIEW
Neohype,neohype,2026-06-23,90,0,0,0,0,0,0,0,0,0,0,0,0,,,0.0,"no company dictionary, keyword, or market signal found — needs manual review",FOLLOWED_COMPANY_NEEDS_REVIEW
Cteam-Gruppe,cteam gruppe,2026-06-23,90,0,0,0,0,0,0,0,0,0,0,0,0,,,0.0,"no company dictionary, keyword, or market signal found — needs manual review",FOLLOWED_COMPANY_NEEDS_REVIEW
Insight Kitchen,insight kitchen,2026-06-22,91,0,0,0,0,0,0,0,0,0,0,0,0,,,0.0,"no company dictionary, keyword, or market signal found — needs manual review",FOLLOWED_COMPANY_NEEDS_REVIEW
BasaGo Jobs,basago jobs,2026-06-19,94,0,0,0,0,0,0,0,0,0,0,0,0,,,0.0,"no company dictionary, keyword, or market signal found — needs manual review",FOLLOWED_COMPANY_NEEDS_REVIEW
National Armaments Director Group,national armaments director,2026-06-17,96,0,0,0,0,0,0,0,0,0,0,0,0,,,0.0,"no company dictionary, keyword, or market signal found — needs manual review",FOLLOWED_COMPANY_NEEDS_REVIEW
OCX,ocx,2026-06-11,102,0,0,0,0,0,0,0,0,0,0,0,0,,,0.0,"no company dictionary, keyword, or market signal found — needs manual review",FOLLOWED_COMPANY_NEEDS_REVIEW
