company_clean,count,avg_priority,top_persona,top_market
Hays,81,24.3,Other,UNKNOWN
Itaú Unibanco,79,34.4,Other,BRAZIL
Deloitte,60,31.2,Other,UNKNOWN
Michael Page,60,28.3,Other,UNKNOWN
GE Vernova,57,21.6,Other,UNKNOWN
SENAI CIMATEC,54,14.4,Other,UNKNOWN
Capgemini,53,33.5,Other,UNKNOWN
NTT DATA Europe & Latam,53,63.3,Other,LATAM_USD
Databricks,50,59.8,Other,US_CANADA_NEARSHORE
Tata Consultancy Services,48,29.1,Other,UNKNOWN
Grupo Boticário,46,22.0,Other,UNKNOWN
Bradesco,43,35.7,Data Engineer,BRAZIL
Randstad Brasil,41,25.2,Other,BRAZIL
Larco Petróleo,40,13.3,Other,UNKNOWN
iFood,38,31.6,Other,BRAZIL
EY,37,33.5,Other,UNKNOWN
CI&T,35,23.8,Other,UNKNOWN
IBM,33,28.0,Other,UNKNOWN
GFT Technologies,31,42.8,Other,UNKNOWN
GE Renewable Energy,30,15.3,Other,UNKNOWN
Accenture,30,25.1,Other,UNKNOWN
act digital,29,28.6,Other,UNKNOWN
Zup Innovation,29,40.9,Other,BRAZIL
AB InBev,27,26.3,Other,UNKNOWN
LM Soluções de Mobilidade,27,14.3,Other,UNKNOWN
TOTVS,26,30.3,Other,BRAZIL
Nubank,24,34.8,Data Engineer,BRAZIL
Ford Motor Company,23,11.9,Other,UNKNOWN
TELUS Digital,22,30.4,Other,UNKNOWN
Indicium AI,22,34.5,Other,BRAZIL
SAP,22,45.1,Other,EUROPE
Serasa Experian,21,29.5,Other,UNKNOWN
Globant,20,29.0,Other,UNKNOWN
Mercado Livre,20,25.4,Other,UNKNOWN
Globo,19,20.1,Other,UNKNOWN
Microsoft,19,48.7,Other,US_CANADA_NEARSHORE
Delivery Hero,19,54.2,Other,EUROPE
LHH,19,31.7,Consultant,UNKNOWN
Amazon Web Services (AWS),19,45.2,Other,US_CANADA_NEARSHORE
Melt Group,18,17.6,Consultant,UNKNOWN
Adecco,18,27.4,Consultant,UNKNOWN
Accenture Brasil,18,42.7,Other,BRAZIL
Avanade,17,33.6,Data Engineer,UNKNOWN
Google,17,50.5,Other,US_CANADA_NEARSHORE
Freelance,17,28.6,Recruiter,UNKNOWN
Artefact,17,31.0,Data Engineer,UNKNOWN
EPAM Systems,17,43.1,Talent Acquisition,UNKNOWN
Amazon,17,55.1,Other,US_CANADA_NEARSHORE
Blip,16,25.1,Other,UNKNOWN
Randstad,16,24.4,Other,UNKNOWN
Stefanini Brasil,16,36.0,Other,BRAZIL
Stefanini Group,16,33.7,Other,UNKNOWN
Ambev Tech,15,41.1,HR,UNKNOWN
K2 Partnering Solutions,15,42.1,Recruiter,UNKNOWN
Goldwind,15,15.7,Other,UNKNOWN
Inter,15,26.9,Data Engineer,UNKNOWN
Factored,15,29.5,Data Engineer,UNKNOWN
QuintoAndar,15,26.6,Other,UNKNOWN
Stone,14,31.9,Data Engineer,BRAZIL
Thoughtworks,14,32.4,Other,UNKNOWN
NTConsult,14,29.1,Other,UNKNOWN
The Adecco Group,14,26.5,Consultant,UNKNOWN
Qubika,14,34.1,Data Engineer,UNKNOWN
BRQ Digital Solutions,14,36.5,Recruiter,UNKNOWN
PRINCIPIA,14,11.9,Other,UNKNOWN
Coforge,14,44.0,Talent Acquisition,UNKNOWN
LM Mobilidade,14,13.5,Other,UNKNOWN
Banco Itaú,14,35.6,Other,BRAZIL
Santander Brasil,14,26.9,Other,BRAZIL
Mercado Libre,13,32.2,Other,UNKNOWN
Capitani Group,13,21.7,Other,UNKNOWN
YER Deutschland,13,39.2,Consultant,EUROPE
Semantix,13,36.8,Other,BRAZIL
Korn Ferry,13,38.2,Recruiter,UNKNOWN
Sicredi,13,19.5,Other,UNKNOWN
Indra,12,58.0,Talent Acquisition,SPAIN_EU
NTT DATA Business Solutions,12,42.0,Other,UNKNOWN
Autônomo,12,22.1,Other,UNKNOWN
Global Group,12,11.5,Other,UNKNOWN
Profesional independiente,12,24.8,Other,UNKNOWN
XP Inc,12,33.8,Data Engineer,BRAZIL
BTG Pactual,12,43.8,Director,BRAZIL
PicPay,11,28.1,Other,UNKNOWN
Arco Educação,11,37.1,Other,UNKNOWN
NTT DATA,11,42.7,Data Engineer,UNKNOWN
BASF,11,39.1,Talent Acquisition,UNKNOWN
Shopee,11,19.3,Other,UNKNOWN
Siemens Energy,11,39.6,Other,EUROPE
PetroReconcavo,11,14.1,Other,UNKNOWN
Keyrus,11,34.2,Talent Acquisition,UNKNOWN
Continental,11,9.3,Other,UNKNOWN
Minsait,11,46.8,Other,SPAIN_EU
Compass UOL,11,28.5,Data Engineer,UNKNOWN
Cognizant,11,45.4,Other,UNKNOWN
delaware Brasil,10,32.5,Other,BRAZIL
Leidos,10,39.0,Talent Acquisition,UNKNOWN
E-Solutions,10,58.8,Recruiter,LATAM_USD
DBC Company,10,21.3,Other,UNKNOWN
CWI Software,10,42.0,Recruiter,UNKNOWN
Lojas Renner S.A,10,27.0,Other,UNKNOWN
Datum,10,20.7,Other,UNKNOWN
Insi,10,25.2,Other,UNKNOWN
NAVA - Technology for Business,9,42.2,HR,UNKNOWN
DIS AG,9,19.7,Other,UNKNOWN
Snowflake,9,50.8,Other,US_CANADA_NEARSHORE
Oracle,9,34.1,Other,UNKNOWN
Zallpy Digital,9,28.9,Other,UNKNOWN
Aliare,9,23.4,Other,UNKNOWN
Citi,9,35.4,Talent Acquisition,UNKNOWN
Nortal,9,30.1,Other,UNKNOWN
Infosys,9,37.0,Other,UNKNOWN
Praxis,9,35.9,Other,UNKNOWN
Self-employed,9,22.0,Other,UNKNOWN
EloGroup,9,27.3,Data Engineer,UNKNOWN
TP,9,29.1,Other,UNKNOWN
Natura,9,24.7,Other,UNKNOWN
Asaas,9,24.3,Other,UNKNOWN
Vale,9,34.8,Other,BRAZIL
AMS,9,37.1,Other,UNKNOWN
Cadastra,9,27.3,Data Engineer,UNKNOWN
Nava | Tech for Business,9,53.9,Recruiter,UNKNOWN
Randstad Enterprise,9,39.4,Recruiter,UNKNOWN
Sigma Software Group,8,38.4,Other,UNKNOWN
Contabilizei,8,35.1,Other,BRAZIL
Cielo,8,26.0,Other,UNKNOWN
Decision,8,37.4,Recruiter,UNKNOWN
banco BV,8,22.9,Product,UNKNOWN
SulAmérica,8,18.1,Other,UNKNOWN
SysMap Solutions,8,26.8,Other,UNKNOWN
Inetum,8,44.8,Talent Acquisition,UNKNOWN
Robert Walters,8,23.2,Consultant,UNKNOWN
SGF Global,8,35.2,Other,UNKNOWN
TIVIT,8,27.6,Other,UNKNOWN
SThree,8,26.0,Consultant,UNKNOWN
Strider,8,35.5,Recruiter,UNKNOWN
Akkodis,8,39.4,Talent Acquisition,UNKNOWN
Neoenergia,8,16.2,Other,UNKNOWN
Athyna,8,39.0,Talent Acquisition,UNKNOWN
NTT DATA Europe & LATAM,8,69.1,Talent Acquisition,LATAM_USD
Randstad Uruguay,8,45.9,Other,LATAM_USD
BYD Auto Brasil,8,17.9,Other,BRAZIL
AI/R,8,34.9,Other,UNKNOWN
Flink,8,35.4,Director,UNKNOWN
Radix,8,22.9,Other,UNKNOWN
KWS Group,8,24.5,Other,UNKNOWN
DB,8,21.6,Data Engineer,UNKNOWN
AltoQi,7,25.6,Other,UNKNOWN
Capco,7,29.1,Data Engineer,UNKNOWN
VR,7,40.7,HR,UNKNOWN
Amaris Consulting,7,37.3,Consultant,UNKNOWN
ExxonMobil,7,30.3,Data Engineer,UNKNOWN
Construtora Tenda,7,22.6,Other,UNKNOWN
Solvo Global,7,43.9,Talent Acquisition,UNKNOWN
METARH,7,60.3,Consultant,US_CANADA_NEARSHORE
Sodexo,7,12.4,Other,UNKNOWN
Bull IT Services,7,53.4,Recruiter,UNKNOWN
SEIDOR,7,53.9,Other,SPAIN_EU
Truelogic Software,7,48.1,Talent Acquisition,UNKNOWN
Marlabs Brasil,7,43.1,Talent Acquisition,BRAZIL
TIM Brasil,7,29.9,Other,BRAZIL
Babbel,7,37.4,Hiring Manager,UNKNOWN
Nestlé,7,23.7,Other,UNKNOWN
Hire With Near,7,37.4,Other,UNKNOWN
Ambev,7,11.9,Other,UNKNOWN
Gi Group,7,26.9,Other,UNKNOWN
Vivo (Telefônica Brasil),7,35.0,Other,BRAZIL
Infotree Global Solutions,7,48.9,Recruiter,UNKNOWN
Dasa,7,26.7,HR,UNKNOWN
Flex,7,41.3,Talent Acquisition,UNKNOWN
F1RST Digital Services,7,21.3,Other,UNKNOWN
Ford Brasil,7,18.3,Other,BRAZIL
GFT Technologies Brasil,7,44.3,Other,BRAZIL
Uber,7,32.1,Recruiter,UNKNOWN
Walmart Chile,7,43.4,Other,LATAM_USD
Confidential,7,27.0,Data Engineer,UNKNOWN
Gi Group Holding,6,28.7,HR,UNKNOWN
Indicium,6,38.0,Data Engineer,BRAZIL
Pipefy,6,25.0,HR,UNKNOWN
Basis Tecnologia da Informação S.A,6,32.2,Recruiter,UNKNOWN
Self Employed,6,20.7,Other,UNKNOWN
Enterprise Solutions from Michael Page,6,45.7,Talent Acquisition,UNKNOWN
Teleperformance,6,26.0,Other,UNKNOWN
Solo Network,6,28.3,Other,UNKNOWN
Jobsity,6,47.3,Talent Acquisition,UNKNOWN
HCLTech,6,48.8,Other,UNKNOWN
C6 Bank,6,33.8,Other,BRAZIL
Flutter Brazil,6,34.2,Other,BRAZIL
etalentum Selección,6,39.7,Talent Acquisition,UNKNOWN
Ipiranga,6,22.5,Other,UNKNOWN
DP6,6,31.2,Other,UNKNOWN
Cresol Cooperativa,6,17.5,Other,UNKNOWN
emagine,6,31.7,Other,UNKNOWN
Accendra Health,6,50.0,Talent Acquisition,UNKNOWN
Petrobras,6,28.8,Other,BRAZIL
Cadmus Soluções em TI,6,31.3,Recruiter,UNKNOWN
LUZA Group,6,28.7,Other,UNKNOWN
TPC Logística Inteligente,6,17.0,Other,UNKNOWN
Softtek,6,29.8,Other,UNKNOWN
Bracell,6,21.0,Other,UNKNOWN
Multiplica Talent,6,44.8,Talent Acquisition,UNKNOWN
