market,persona,current_count,short_term_target,medium_term_target,short_term_gap,medium_term_gap,gap_pct_short,gap_pct_medium,priority
LATAM_USD,Hiring Manager,0,50,70,50,70,100,100,CRITICAL
US_CANADA_NEARSHORE,Engineering Manager,0,40,60,40,60,100,100,CRITICAL
US_CANADA_NEARSHORE,Data Engineering Manager,0,30,50,30,50,100,100,CRITICAL
LATAM_USD,Data Engineering Manager,0,30,50,30,50,100,100,CRITICAL
SPAIN_EU,Hiring Manager,0,15,60,15,60,100,100,CRITICAL
SPAIN_EU,Head of Data,0,10,50,10,50,100,100,CRITICAL
SPAIN_EU,Data Engineering Manager,0,10,40,10,40,100,100,CRITICAL
LATAM_USD,Head of Data,1,30,50,29,49,97,98,CRITICAL
US_CANADA_NEARSHORE,Head of Data,2,30,50,28,48,93,96,CRITICAL
US_CANADA_NEARSHORE,Hiring Manager,4,50,70,46,66,92,94,CRITICAL
BRAZIL,Data Engineering Manager,3,20,20,17,17,85,85,CRITICAL
EUROPE,Data Engineering Manager,1,5,30,4,29,80,97,CRITICAL
US_CANADA_NEARSHORE,Director,9,25,40,16,31,64,78,HIGH
BRAZIL,Head of Data,11,30,30,19,19,63,63,HIGH
US_CANADA_NEARSHORE,Recruiter,30,80,100,50,70,62,70,HIGH
US_CANADA_NEARSHORE,Talent Acquisition,24,60,80,36,56,60,70,HIGH
SPAIN_EU,Recruiter,11,20,80,9,69,45,86,MEDIUM
SPAIN_EU,Director,7,10,40,3,33,30,82,MEDIUM
LATAM_USD,Recruiter,58,80,100,22,42,28,42,MEDIUM
EUROPE,Head of Data,4,5,40,1,36,20,90,MEDIUM
BRAZIL,Recruiter,43,50,50,7,7,14,14,LOW
LATAM_USD,Talent Acquisition,89,60,80,0,0,0,0,LOW
LATAM_USD,Director,37,20,40,0,3,0,8,LOW
SPAIN_EU,Talent Acquisition,33,15,60,0,27,0,45,LOW
EUROPE,Recruiter,33,10,60,0,27,0,45,LOW
EUROPE,Talent Acquisition,37,10,50,0,13,0,26,LOW
EUROPE,Director,29,5,30,0,1,0,3,LOW
BRAZIL,Data Engineer,99,30,30,0,0,0,0,LOW
