company_clean,opportunity_market_v5,count
Hays,GLOBAL_STAFFING,79
Michael Page,GLOBAL_STAFFING,60
SENAI CIMATEC,BRAZIL_CONFIRMED,52
Grupo Boticário,BRAZIL_CONFIRMED,46
GE Vernova,GLOBAL_TECH,46
Larco Petróleo,BRAZIL_CONFIRMED,40
CI&T,GLOBAL_CONSULTING,35
IBM,GLOBAL_CONSULTING,31
GE Renewable Energy,GLOBAL_TECH,31
GFT Technologies,GLOBAL_CONSULTING,28
AB InBev,BRAZIL_CONFIRMED,27
LM Soluções de Mobilidade,BRAZIL_CONFIRMED,27
Ford Motor Company,GLOBAL_TECH,24
Serasa Experian,GLOBAL_TECH,21
LHH,GLOBAL_STAFFING,19
SAP,GLOBAL_TECH,19
Globo,BRAZIL_CONFIRMED,19
Amazon Web Services (AWS),GLOBAL_TECH,19
Adecco,GLOBAL_STAFFING,18
Mercado Livre,BRAZIL_LIKELY,17
Artefact,GLOBAL_CONSULTING,17
Melt Group,LATAM_USD_LIKELY,17
Avanade,GLOBAL_OPPORTUNITY,16
Randstad,GLOBAL_STAFFING,16
Blip,BRAZIL_CONFIRMED,15
Freelance,GLOBAL_OPPORTUNITY,15
Qubika,LATAM_USD_LIKELY,15
Factored,GLOBAL_OPPORTUNITY,15
EPAM Systems,GLOBAL_OPPORTUNITY,15
Goldwind,GLOBAL_TECH,14
LM Mobilidade,BRAZIL_CONFIRMED,14
PRINCIPIA,BRAZIL_CONFIRMED,14
Inter,BRAZIL_CONFIRMED,14
Sicredi,BRAZIL_CONFIRMED,13
TELUS Digital,GLOBAL_TECH,13
The Adecco Group,GLOBAL_STAFFING,13
Mercado Libre,BRAZIL_LIKELY,13
Stefanini Group,GLOBAL_CONSULTING,13
Korn Ferry,GLOBAL_STAFFING,13
PicPay,BRAZIL_CONFIRMED,11
Coforge,GLOBAL_OPPORTUNITY,11
Continental,GLOBAL_TECH,11
QuintoAndar,LATAM_USD_LIKELY,11
K2 Partnering Solutions,GLOBAL_OPPORTUNITY,10
Leidos,GLOBAL_CONSULTING,10
Vale,BRAZIL_CONFIRMED,9
TELUS Digital,GLOBAL_OPPORTUNITY,8
SThree,GLOBAL_OPPORTUNITY,8
Self-employed,GLOBAL_OPPORTUNITY,8
Cielo,BRAZIL_CONFIRMED,8
Randstad Uruguay,GLOBAL_STAFFING,8
Randstad Enterprise,GLOBAL_STAFFING,8
Datum,LANGUAGE_PORTUGUESE_MARKET,8
Arco Educação,GLOBAL_OPPORTUNITY,8
TIVIT,GLOBAL_CONSULTING,8
NTConsult,LATAM_USD_LIKELY,8
Robert Walters,LATAM_USD_LIKELY,8
Neoenergia,BRAZIL_CONFIRMED,7
Zallpy Digital,GLOBAL_TECH,7
Oracle,GLOBAL_TECH,7
Uber,US_CANADA_CONFIRMED,7
Confidential,GLOBAL_OPPORTUNITY,7
Asaas,GLOBAL_TECH,7
Profesional independiente,LATAM_USD_LIKELY,7
METARH,GLOBAL_TECH,7
Walmart Chile,LATAM_USD_CONFIRMED,7
Autônomo,GLOBAL_STAFFING,7
Velozient,GLOBAL_OPPORTUNITY,7
Gi Group,GLOBAL_STAFFING,7
Flink,GLOBAL_OPPORTUNITY,7
ExxonMobil,GLOBAL_OPPORTUNITY,7
BRQ Digital Solutions,GLOBAL_OPPORTUNITY,7
Babbel,GLOBAL_OPPORTUNITY,7
Nava | Tech for Business,GLOBAL_OPPORTUNITY,7
Nestlé,LATAM_USD_LIKELY,6
Hire With Near,GLOBAL_OPPORTUNITY,6
Nortal,LATAM_USD_LIKELY,6
Teleperformance,GLOBAL_OPPORTUNITY,6
ManpowerGroup,GLOBAL_STAFFING,6
Epsilon Solutions Ltd. SA de CV,GLOBAL_OPPORTUNITY,6
Mirante Tecnologia,GLOBAL_OPPORTUNITY,6
Enterprise Solutions from Michael Page,GLOBAL_STAFFING,6
Radix,BRAZIL_CONFIRMED,6
Suzano,BRAZIL_CONFIRMED,6
Capitani Group,LANGUAGE_PORTUGUESE_MARKET,6
Lojas Renner S.A,SPAIN_EU_LIKELY,6
BRQ Digital Solutions,GLOBAL_TECH,6
Inetum,GLOBAL_OPPORTUNITY,6
Softtek,GLOBAL_CONSULTING,6
Gi Group Holding,GLOBAL_STAFFING,6
Jobsity,GLOBAL_OPPORTUNITY,6
etalentum Selección,GLOBAL_OPPORTUNITY,6
DB,BRAZIL_CONFIRMED,6
BCG X,GLOBAL_CONSULTING,6
Decision,GLOBAL_OPPORTUNITY,6
Multiplica Talent,GLOBAL_OPPORTUNITY,6
emagine,GLOBAL_OPPORTUNITY,6
HRDisruptive,GLOBAL_OPPORTUNITY,5
Cashea,GLOBAL_OPPORTUNITY,5
Porto,BRAZIL_CONFIRMED,5
