company_clean,connection_count,top_persona,top_area,avg_priority_score,suggested_market,suggested_category,manual_market,manual_category,reason
Hays,80,Other,Other,24.0,,,,,
Michael Page,59,Other,Management,28.3,,,,,
SENAI CIMATEC,53,Other,Other,14.3,,,,,
GE Vernova,47,Other,Other,16.9,,,,,
Grupo Boticário,46,Other,Other,22.0,,,,,
Larco Petróleo,40,Other,Other,13.3,,,,,
CI&T,34,Other,Data Engineering,23.1,,,,,
IBM,31,Other,Other,26.9,,,,,
GE Renewable Energy,30,Other,Other,15.3,,,,,
GFT Technologies,28,Other,Recruiting,41.1,,,,,
AB InBev,27,Other,Data Engineering,26.3,,,,,
LM Soluções de Mobilidade,27,Other,Other,14.3,,,,,
Ford Motor Company,23,Other,Other,11.9,,,,,
TELUS Digital,21,Other,Recruiting,29.9,,,,,
Serasa Experian,21,Other,Management,29.5,,,,,
SAP,19,Other,Management,44.8,,,,,
Globo,19,Other,Management,20.1,,,,,
LHH,19,Consultant,Consulting,31.7,,,,,
Amazon Web Services (AWS),19,Other,Other,45.2,,,,,
Adecco,18,Consultant,Consulting,27.4,,,,,
Mercado Livre,18,Other,Other,24.1,,,,,
Melt Group,18,Consultant,Consulting,17.6,,,,,
Freelance,17,Recruiter,Recruiting,28.6,LATAM_USD,,,,
Artefact,17,Data Engineer,Data Engineering,31.0,,,,,
Avanade,17,Data Engineer,Recruiting,33.6,,,,,
Randstad,16,Other,Management,24.4,,,,,
EPAM Systems,16,Talent Acquisition,Recruiting,42.9,LATAM_USD,,,,
K2 Partnering Solutions,15,Recruiter,Recruiting,42.1,LATAM_USD,,,,
Factored,15,Data Engineer,Data Engineering,29.5,,,,,
QuintoAndar,15,Other,Management,26.6,,,,,
Blip,15,Other,Analytics,25.3,,,,,
Inter,15,Data Engineer,Analytics,26.9,,,,,
Qubika,14,Data Engineer,Data Engineering,34.1,,,,,
BRQ Digital Solutions,14,Recruiter,Recruiting,36.5,LATAM_USD,,,,
Goldwind,14,Other,Other,14.9,,,,,
PRINCIPIA,14,Other,Other,11.9,,,,,
LM Mobilidade,14,Other,Other,13.5,,,,,
Stefanini Group,14,Other,Management,30.1,,,,,
Mercado Libre,13,Other,Recruiting,32.2,,,,,
Capitani Group,13,Other,Other,21.7,,,,,
Korn Ferry,13,Recruiter,Recruiting,38.2,LATAM_USD,,,,
Sicredi,13,Other,Other,19.5,,,,,
NTConsult,13,Other,Other,27.5,,,,,
The Adecco Group,13,Consultant,Consulting,27.9,,,,,
Global Group,12,Other,Other,11.5,,,,,
Autônomo,12,Other,Other,22.1,,,,,
Profesional independiente,12,Other,Other,24.8,,,,,
Coforge,12,Talent Acquisition,Recruiting,39.8,LATAM_USD,,,,
PicPay,11,Other,Other,28.1,,,,,
Compass UOL,11,Data Engineer,Data Engineering,28.5,,,,,
Arco Educação,11,Other,Recruiting,37.1,,,,,
Shopee,11,Other,HR,19.3,,,,,
Continental,11,Other,Other,9.3,,,,,
PetroReconcavo,11,Other,Other,14.1,,,,,
Datum,10,Other,Other,20.7,,,,,
Insi,10,Other,Recruiting,25.2,,,,,
DBC Company,10,Other,HR,21.3,,,,,
Lojas Renner S.A,10,Other,Management,27.0,,,,,
Leidos,10,Talent Acquisition,Recruiting,39.0,LATAM_USD,,,,
DIS AG,9,Other,Management,19.7,,,,,
Self-employed,9,Other,Other,22.0,,,,,
AMS,9,Other,Recruiting,37.1,,,,,
TP,9,Other,Management,29.1,,,,,
Asaas,9,Other,Other,24.3,,,,,
Nava | Tech for Business,9,Recruiter,Recruiting,53.9,LATAM_USD,,,,
Natura,9,Other,Management,24.7,,,,,
Aliare,9,Other,Other,23.4,,,,,
Vale,9,Other,Other,34.8,,,,,
NAVA - Technology for Business,9,HR,Management,42.2,,,,,
Cadastra,9,Data Engineer,Data Engineering,27.3,,,,,
EloGroup,9,Data Engineer,Data Engineering,27.3,,,,,
Zallpy Digital,8,HR,Management,26.9,,,,,
BASF,8,Talent Acquisition,Recruiting,39.2,LATAM_USD,,,,
Radix,8,Other,Other,22.9,,,,,
banco BV,8,Product,Analytics,22.9,,,,,
Randstad Uruguay,8,Other,Other,45.9,,,,,
Robert Walters,8,Consultant,Consulting,23.2,,,,,
Randstad Enterprise,8,Other,Management,35.9,,,,,
Neoenergia,8,Other,Other,16.2,,,,,
SulAmérica,8,Other,Other,18.1,,,,,
AI/R,8,Other,Recruiting,34.9,,,,,
Citi,8,Talent Acquisition,Management,33.4,LATAM_USD,,,,
TIVIT,8,Other,Management,27.6,,,,,
Praxis,8,Other,Recruiting,35.4,,,,,
SThree,8,Consultant,Management,26.0,,,,,
DB,8,Data Engineer,Data Engineering,21.6,,,,,
Decision,8,Recruiter,Recruiting,37.4,LATAM_USD,,,,
Cielo,8,Other,Analytics,26.0,,,,,
SysMap Solutions,8,Other,HR,26.8,,,,,
Flink,8,Director,Management,35.4,,,,,
Solvo Global,7,Talent Acquisition,Recruiting,43.9,LATAM_USD,,,,
Babbel,7,Hiring Manager,Management,37.4,,,,,
Walmart Chile,7,Other,Other,43.4,,,,,
Inetum,7,Talent Acquisition,Recruiting,39.1,LATAM_USD,,,,
Construtora Tenda,7,Other,HR,22.6,,,,,
SGF Global,7,Other,Other,30.6,,,,,
Dasa,7,HR,HR,26.7,,,,,
Capco,7,Data Engineer,Data Engineering,29.1,,,,,
Uber,7,Recruiter,Recruiting,32.1,LATAM_USD,,,,
Hire With Near,7,Other,Recruiting,37.4,,,,,
VR,7,HR,HR,40.7,,,,,
Truelogic Software,7,Talent Acquisition,Recruiting,48.1,LATAM_USD,,,,
Gi Group,7,Other,Consulting,26.9,,,,,
F1RST Digital Services,7,Other,Management,21.3,,,,,
Sigma Software Group,7,Recruiter,Management,38.4,LATAM_USD,,,,
Confidential,7,Data Engineer,Data Engineering,27.0,,,,,
METARH,7,Consultant,HR,60.3,,,,,
Strider,7,Recruiter,Recruiting,32.3,LATAM_USD,,,,
Nortal,7,Other,Management,28.1,,,,,
Nestlé,7,Other,Other,23.7,,,,,
AltoQi,7,Other,Analytics,25.6,,,,,
ExxonMobil,7,Data Engineer,Data Engineering,30.3,,,,,
Sodexo,7,Other,HR,12.4,,,,,
Flex,7,Talent Acquisition,Recruiting,41.3,LATAM_USD,,,,
Oracle,7,Other,Data Science / AI,25.6,,,,,
LUZA Group,6,Other,Recruiting,28.7,,,,,
etalentum Selección,6,Talent Acquisition,Recruiting,39.7,LATAM_USD,,,,
Basis Tecnologia da Informação S.A,6,Recruiter,Recruiting,32.2,LATAM_USD,,,,
Infotree Global Solutions,6,Recruiter,Recruiting,44.8,LATAM_USD,,,,
Hotmart,6,Data Engineer,Management,36.2,,,,,
UltraCon Consultoria,6,Recruiter,Recruiting,33.8,LATAM_USD,,,,
Cadmus Soluções em TI,6,Recruiter,Recruiting,31.3,LATAM_USD,,,,
Maxxi,6,Other,Other,29.0,,,,,
Teleperformance,6,Other,Management,26.0,,,,,
Bracell,6,Other,Other,21.0,,,,,
Gi Group Holding,6,HR,HR,28.7,,,,,
Mirante Tecnologia,6,Recruiter,Recruiting,34.8,LATAM_USD,,,,
Multiplica Talent,6,Talent Acquisition,Management,44.8,LATAM_USD,,,,
Accendra Health,6,Talent Acquisition,Recruiting,50.0,LATAM_USD,,,,
TPC Logística Inteligente,6,Other,Other,17.0,,,,,
Epsilon Solutions Ltd. SA de CV,6,Recruiter,Recruiting,40.0,LATAM_USD,,,,
Enterprise Solutions from Michael Page,6,Talent Acquisition,Recruiting,45.7,LATAM_USD,,,,
Cresol Cooperativa,6,Other,Other,17.5,,,,,
Softtek,6,Other,Other,29.8,,,,,
Pipefy,6,HR,HR,25.0,,,,,
Self Employed,6,Other,Other,20.7,,,,,
DP6,6,Other,Management,31.2,,,,,
DataArt,6,Other,Recruiting,48.8,,,,,
Solo Network,6,Other,Other,28.3,,,,,
Jobsity,6,Talent Acquisition,Recruiting,47.3,LATAM_USD,,,,
emagine,6,Other,Recruiting,31.7,,,,,
Zurich Insurance,6,Other,Recruiting,31.8,,,,,
Ipiranga,6,Other,Other,22.5,,,,,
BCG X,5,Data Engineer,Data Engineering,37.0,,,,,
BASF Services Americas,5,HR,HR,31.6,,,,,
Aubay Portugal,5,Other,Management,51.2,,,,,
Jump,5,Data Engineer,Data Engineering,25.4,,,,,
Astreya,5,Talent Acquisition,Recruiting,44.0,LATAM_USD,,,,
dti digital,5,HR,HR,25.6,,,,,
YDUQS,5,Data Analyst,Analytics,27.6,,,,,
SOW,5,Other,HR,25.0,,,,,
Qaracter - Beyond your Challenge,5,HR,Recruiting,34.8,,,,,
DOJO - Smart Ways,5,Director,Management,34.6,,,,,
Deutsche Bank,5,Other,Management,33.4,,,,,
Data Mundo,5,Data Analyst,Analytics,37.0,,,,,
Robert Half,5,Director,Management,32.8,,,,,
SAUTER,5,HR,HR,28.0,,,,,
QUALIFICAR TI,5,Data Scientist,Data Science / AI,30.2,,,,,
Progressive Recruitment,5,Consultant,Consulting,21.8,,,,,
Raízen,5,Other,Management,16.8,,,,,
RNP,5,Other,Analytics,19.4,,,,,
RD Saúde,5,Other,Other,19.4,,,,,
Dev.Pro,5,Recruiter,Recruiting,43.4,LATAM_USD,,,,
Lean Tech,5,Other,Other,45.6,,,,,
HelloFresh,5,Talent Acquisition,Recruiting,46.6,LATAM_USD,,,,
CGI,5,Director,Management,40.2,,,,,
GlobalLogic,5,Other,Recruiting,33.6,,,,,
MJV Technology & Innovation,5,Other,Other,34.6,,,,,
ManpowerGroup,5,Other,Recruiting,40.2,,,,,
Grupo MAG,5,Other,Other,14.0,,,,,
Guidance,5,HR,HR,26.2,,,,,
HRDisruptive,5,Talent Acquisition,Recruiting,51.0,LATAM_USD,,,,
Cashea,5,Talent Acquisition,Recruiting,40.6,LATAM_USD,,,,
The HEINEKEN Company,5,Other,Analytics,20.6,,,,,
Velozient,5,Other,Other,31.8,,,,,
Taylor Hopkinson | Powered by Brunel,5,Consultant,Consulting,22.2,,,,,
Cogna Educação,5,Director,Management,30.2,,,,,
GetYourGuide,5,Other,Analytics,36.4,,,,,
NUMEN,5,Other,Other,21.0,,,,,
São Martinho,5,Other,Other,13.2,,,,,
Clan,5,Talent Acquisition,Consulting,35.4,LATAM_USD,,,,
"NTT DATA, Inc",5,Data Engineer,Data Engineering,34.0,,,,,
TQI,5,Other,Management,25.0,,,,,
Takeda,5,Other,Other,32.6,,,,,
Spassu,5,HR,HR,30.0,,,,,
Suzano,5,Other,Other,20.2,,,,,
Solar Coca-Cola,5,Other,Other,28.6,,,,,
Flash,5,Data Analyst,Recruiting,28.4,,,,,
Cross Border Talents,5,Recruiter,Recruiting,39.2,LATAM_USD,,,,
Apex Systems,5,Recruiter,Recruiting,42.2,LATAM_USD,,,,
PIXIE,5,Other,Recruiting,34.8,,,,,
Page Personnel,5,Consultant,Consulting,23.2,,,,,
Andersen Lab,5,Recruiter,Recruiting,43.2,LATAM_USD,,,,
Amadeus Fire,5,Consultant,Consulting,21.4,,,,,
Opah IT,5,Recruiter,Recruiting,31.0,LATAM_USD,,,,
Plan A Technologies,5,Other,Recruiting,43.6,,,,,
Power Tuning,5,Data Engineer,Data Engineering,27.4,,,,,
Porto,5,Other,Other,46.4,,,,,
Koch,5,Recruiter,Recruiting,38.8,LATAM_USD,,,,
iTRTech Group,5,Other,Management,29.8,,,,,
nstech,5,Other,Other,30.4,,,,,
Improving,5,Other,HR,25.6,,,,,
Banco Carrefour,5,Other,Management,19.0,,,,,
Timenow,5,Other,Other,18.0,,,,,
BlueCloud,5,Other,Recruiting,44.8,,,,,
Banco Bmg,5,Other,Other,24.0,,,,,
KWS Group,5,Other,Other,9.8,,,,,
Kienbaum,5,Other,Other,23.6,,,,,
Kairós Digital Solutions S.L,5,Other,Other,30.8,,,,,
mazzatech,5,Recruiter,Recruiting,50.8,LATAM_USD,,,,
Vibra,5,Data Analyst,Analytics,22.4,,,,,
Selbstständig,4,Other,Other,17.0,,,,,
Softplan,4,HR,HR,18.8,,,,,
Sabesp,4,Other,Other,18.8,,,,,
RSE - Gerenciamento de Risco e Sustentabilidade,4,Other,Other,11.8,,,,,
Ratbacher GmbH,4,Other,Management,24.2,,,,,
Randstad España,4,Consultant,Consulting,55.5,,,,,
Reply,4,Other,Consulting,23.5,,,,,
BA Global Talent,4,Talent Acquisition,Recruiting,49.0,LATAM_USD,,,,
BNP Paribas,4,Data Engineer,Data Engineering,17.2,,,,,
Iwantic,4,Other,Management,41.5,,,,,
X-Team,4,Recruiter,Recruiting,37.0,LATAM_USD,,,,
10Pearls,4,Recruiter,Recruiting,43.2,LATAM_USD,,,,
Avature,4,HR,Recruiting,32.0,,,,,
Ascendion,4,Talent Acquisition,Recruiting,48.2,LATAM_USD,,,,
Autônoma,4,Consultant,Consulting,17.2,,,,,
hiberus,4,HR,HR,37.2,,,,,
SONDA,4,Data Analyst,Recruiting,33.8,,,,,
SOUTH SYSTEM,4,HR,HR,20.2,,,,,
Quantum World Technologies Inc,4,Other,Management,46.2,,,,,
B3,4,Other,Analytics,25.5,,,,,
BEES,4,Other,Management,28.8,,,,,
Wellhub,4,Data Engineer,Analytics,24.8,,,,,
Rumo,4,Other,Management,23.2,,,,,
Royal Caribbean Group,4,Recruiter,Recruiting,41.8,LATAM_USD,,,,
Rox Partner,4,Data Engineer,Data Engineering,24.5,,,,,
Pulse Client Experts,4,HR,HR,21.8,,,,,
Delfia,4,Other,HR,27.2,,,,,
Programmers,4,Other,Other,21.8,,,,,
Rede Américas,4,Other,Analytics,16.0,,,,,
Direcional Engenharia,4,Other,Other,19.2,,,,,
DoorDash,4,Data Engineer,Data Engineering,47.0,,,,,
Driva,4,Executive,Management,31.8,,,,,
E-Solutions,4,Recruiter,Recruiting,39.0,LATAM_USD,,,,
EXAME,4,Other,Other,24.2,,,,,
El Corte Inglés,4,Other,Other,12.2,,,,,
FullStack,4,Recruiter,Recruiting,50.0,LATAM_USD,,,,
First Decision,4,Other,HR,21.8,,,,,
Slalom,4,Talent Acquisition,Recruiting,51.2,LATAM_USD,,,,
Smarthis,4,Data Engineer,Data Engineering,32.0,,,,,
Cynet Systems,4,Talent Acquisition,Recruiting,40.0,LATAM_USD,,,,
OttoMate,4,Recruiter,Recruiting,43.0,LATAM_USD,,,,
Entrust it - Consultoria em TI,4,Other,HR,28.8,,,,,
Ensitech,4,Recruiter,Recruiting,53.5,LATAM_USD,,,,
Objective,4,Recruiter,Recruiting,32.5,LATAM_USD,,,,
FERCHAU,4,Other,Management,24.5,,,,,
Equifax I BoaVista,4,Other,Data Engineering,20.8,,,,,
Equifax,4,HR,Management,28.0,,,,,
Positivo Tecnologia,4,Other,Other,20.5,,,,,
Petrobahia S.A,4,Other,Other,11.0,,,,,
Petlove,4,Other,Analytics,19.2,,,,,
Sem Parar Corpay,4,Product,Product,23.8,,,,,
Minerva Foods,4,Other,Management,19.5,,,,,
AlmapBBDO,4,Other,Analytics,24.2,,,,,
TELUS International Central America,4,Other,Other,44.2,,,,,
Aon,4,Consultant,Recruiting,37.5,,,,,
CodeRoad Inc,4,Recruiter,Recruiting,48.0,LATAM_USD,,,,
Choco,4,Software Engineer,Software Engineering,34.5,,,,,
Clarios,4,Other,Recruiting,30.5,,,,,
Cloudster,4,Other,Management,48.2,,,,,
Acelen,4,Other,Other,17.8,,,,,
NTT DATA Services,4,Consultant,Recruiting,43.0,,,,,
Celonis,4,Software Engineer,Software Engineering,33.0,,,,,
Straumann Group,4,Other,Management,32.5,,,,,
Monitor Deloitte,4,Other,Other,22.2,,,,,
Mouts TI,4,Recruiter,Recruiting,37.2,LATAM_USD,,,,
NDA,4,Other,Other,22.8,,,,,
NVB Innovation Business,4,Talent Acquisition,Recruiting,41.5,LATAM_USD,,,,
Neon,4,HR,HR,21.8,,,,,
Talent Group,4,Other,Management,27.8,,,,,
Talent2Win Perú,4,Talent Acquisition,Recruiting,40.5,LATAM_USD,,,,
Stealth Startup,4,Director,Management,36.2,,,,,
Spin,4,Head of Data,Analytics,34.0,,,,,
Concentrix,4,Talent Acquisition,Recruiting,48.0,LATAM_USD,,,,
Pearson,4,Data Engineer,Management,30.8,,,,,
PSW Digital,4,Consultant,Consulting,28.8,,,,,
Accord Innovations,4,Talent Acquisition,Recruiting,45.0,LATAM_USD,,,,
Cooperativa Central Ailos,4,Other,Other,16.2,,,,,
Haleon,4,Talent Acquisition,Recruiting,30.0,LATAM_USD,,,,
Grupo GFT,4,Director,Management,33.0,,,,,
Adecco Permanent Recruitment,4,Other,Management,34.5,,,,,
Matera,4,HR,HR,38.5,,,,,
Manpower España,4,Consultant,Consulting,46.5,,,,,
Grupo Fleury,4,Other,Other,15.0,,,,,
A3Data,4,Director,Management,45.2,,,,,
VTEX,4,Data Scientist,Data Science / AI,27.0,,,,,
US Tech Solutions,4,Recruiter,Recruiting,56.5,LATAM_USD,,,,
Braskem,4,Other,Other,9.2,,,,,
Tivia Tecnologia da Informação,4,Other,Other,30.5,,,,,
Trade Alliance Corporation,4,Other,Other,18.2,,,,,
