company_clean,connection_count,recruiter_count,talent_count,hiring_manager_count,data_leader_count,data_peer_count,avg_priority_score,top_persona,top_area,strategic_potential,suggested_market,suggested_confidence,suggested_reason,manual_market,manual_category,manual_notes
Techunting,1,0,1,0,0,0,88.0,Talent Acquisition,Recruiting,46.6,GLOBAL_STAFFING,HIGH,company name contains staffing keyword: 'hunting',,,
Datastar Argentina S.A,1,1,0,0,0,0,85.0,Recruiter,Recruiting,45.6,LATAM_USD,HIGH,company name contains geographic keyword: 'argentina',,,
Praxis USA,3,1,2,0,0,0,73.7,Talent Acquisition,Recruiting,45.2,US_CANADA_NEARSHORE,HIGH,company name contains geographic keyword: 'usa',,,
ConfigUSA,1,1,0,0,0,0,84.0,Recruiter,Recruiting,45.1,US_CANADA_NEARSHORE,HIGH,company name contains geographic keyword: 'usa',,,
SoftwareONE Colombia,1,1,0,0,0,0,81.0,Sourcer,Recruiting,43.6,LATAM_USD,HIGH,company name contains geographic keyword: 'colombia',,,
Tech Mahindra Mexico,1,0,1,0,0,0,82.0,Talent Acquisition,Recruiting,43.6,LATAM_USD,HIGH,company name contains geographic keyword: 'mexico',,,
Infoplus Technologies UK Limited,2,1,1,0,0,0,75.5,Recruiter,Recruiting,43.4,EUROPE,HIGH,company name contains geographic keyword: 'uk',,,
Adentis Portugal,1,1,0,0,0,0,77.0,Recruiter,Recruiting,41.6,EUROPE,HIGH,company name contains geographic keyword: 'portugal',,,
CINTE Colombia,1,0,1,0,0,0,77.0,Talent Acquisition,Recruiting,41.1,LATAM_USD,HIGH,company name contains geographic keyword: 'colombia',,,
HN Services Portugal,2,0,2,0,0,0,71.5,Talent Acquisition,Management,41.0,EUROPE,HIGH,company name contains geographic keyword: 'portugal',,,
SII Group Chile,2,0,2,0,0,0,71.5,Talent Acquisition,Recruiting,41.0,LATAM_USD,HIGH,company name contains geographic keyword: 'chile',,,
Kruger Ecuador,1,1,0,0,0,0,75.0,Recruiter,Recruiting,40.6,LATAM_USD,HIGH,company name contains geographic keyword: 'ecuador',,,
S&you España,1,0,1,0,0,0,75.0,Talent Acquisition,Recruiting,40.1,SPAIN_EU,HIGH,company name contains geographic keyword: 'españa',,,
KPMG España,1,0,1,0,0,0,74.0,Talent Acquisition,Recruiting,39.6,SPAIN_EU,HIGH,company name contains geographic keyword: 'españa',,,
Randstad Digital España,1,0,1,0,0,0,74.0,Talent Acquisition,Recruiting,39.6,SPAIN_EU,HIGH,company name contains geographic keyword: 'españa',,,
METRICA Chile,1,1,0,0,0,0,72.0,Recruiter,Recruiting,39.1,LATAM_USD,HIGH,company name contains geographic keyword: 'chile',,,
TELUS Health powered by eap Latina,1,1,0,0,0,0,72.0,Recruiter,Recruiting,39.1,LATAM_USD,HIGH,company name contains geographic keyword: 'latin',,,
Circet USA,1,0,1,0,0,0,72.0,Talent Acquisition,Recruiting,38.6,US_CANADA_NEARSHORE,HIGH,company name contains geographic keyword: 'usa',,,
RecLatam,1,0,1,0,0,0,71.0,Talent Acquisition,Recruiting,38.1,LATAM_USD,HIGH,company name contains geographic keyword: 'latam',,,
Sector Alarm España,1,1,0,0,0,0,70.0,Recruiter,Recruiting,38.1,SPAIN_EU,HIGH,company name contains geographic keyword: 'españa',,,
DaVita Chile,1,0,1,0,0,0,70.0,Talent Acquisition,Recruiting,37.6,LATAM_USD,HIGH,company name contains geographic keyword: 'chile',,,
Gensler Latinoamérica,1,0,1,0,0,0,70.0,Talent Acquisition,Recruiting,37.6,LATAM_USD,HIGH,company name contains geographic keyword: 'latin',,,
Omnicom Global Solutions Colombia,1,0,1,0,0,0,70.0,Talent Acquisition,Recruiting,37.6,LATAM_USD,HIGH,company name contains geographic keyword: 'colombia',,,
RAS España,1,0,0,0,1,0,71.0,Director,Management,37.6,SPAIN_EU,HIGH,company name contains geographic keyword: 'españa',,,
Ant-Tech Recruitment,1,1,0,0,0,0,68.0,Recruiter,Recruiting,37.1,GLOBAL_STAFFING,HIGH,company name contains staffing keyword: 'tech recruitment',,,
ManpowerGroup Argentina,1,0,0,0,1,0,70.0,Director,Management,37.1,LATAM_USD,HIGH,company name contains geographic keyword: 'argentina',,,
APRIORI - business solutions AG,1,1,0,0,0,0,67.0,Recruiter,Recruiting,36.6,BRAZIL,HIGH,company name contains geographic keyword: 'rio',,,
TMC Canada,1,0,1,0,0,0,68.0,Talent Acquisition,Recruiting,36.6,US_CANADA_NEARSHORE,HIGH,company name contains geographic keyword: 'canada',,,
Prowork Group Colombia,1,0,1,0,0,0,67.0,Talent Acquisition,Recruiting,36.1,LATAM_USD,HIGH,company name contains geographic keyword: 'colombia',,,
Würth Argentina,1,0,1,0,0,0,67.0,Talent Acquisition,Recruiting,36.1,LATAM_USD,HIGH,company name contains geographic keyword: 'argentina',,,
Zukk - Geoespacial,1,1,0,0,0,0,66.0,Recruiter,Recruiting,36.1,EUROPE,HIGH,company name contains geographic keyword: 'uk',,,
NerdBench Technical Recruiting,1,1,0,0,0,0,65.0,Recruiter,Recruiting,35.6,GLOBAL_STAFFING,HIGH,company name contains staffing keyword: 'bench',,,
StaffGenius by ProfileP Executive Search,3,0,2,0,1,0,56.3,Talent Acquisition,Recruiting,35.4,GLOBAL_STAFFING,HIGH,company name contains staffing keyword: 'executive search',,,
Claranet Portugal,1,0,1,0,0,0,65.0,Talent Acquisition,Recruiting,35.1,EUROPE,HIGH,company name contains geographic keyword: 'portugal',,,
Hinduja Tech Mexico,2,0,2,0,0,0,59.5,Talent Acquisition,Recruiting,35.0,LATAM_USD,HIGH,company name contains geographic keyword: 'mexico',,,
StaffingAbroad,2,0,1,0,1,0,60.5,Director,Management,35.0,GLOBAL_STAFFING,HIGH,company name contains staffing keyword: 'staffing',,,
Randstad España,3,1,1,0,0,0,58.0,Consultant,Recruiting,34.8,SPAIN_EU,HIGH,company name contains geographic keyword: 'españa',,,
Bruker,1,0,1,0,0,0,64.0,Talent Acquisition,Recruiting,34.6,EUROPE,HIGH,company name contains geographic keyword: 'uk',,,
Logicalis Portugal,1,0,1,0,0,0,64.0,Talent Acquisition,Recruiting,34.6,EUROPE,HIGH,company name contains geographic keyword: 'portugal',,,
Rajapack España,1,0,1,0,0,0,64.0,Talent Acquisition,Recruiting,34.6,SPAIN_EU,HIGH,company name contains geographic keyword: 'españa',,,
BA Global Talent,4,0,3,0,1,0,49.0,Talent Acquisition,Recruiting,34.4,GLOBAL_STAFFING,HIGH,company name contains staffing keyword: 'global talent',,,
rpc España,4,1,1,0,0,0,57.0,Consultant,Consulting,34.4,SPAIN_EU,HIGH,company name contains geographic keyword: 'españa',,,
ABANCA Portugal,1,0,0,0,1,0,64.0,Director,Management,34.1,EUROPE,HIGH,company name contains geographic keyword: 'portugal',,,
Gravitas Recruitment Group (UK) Ltd,1,0,0,0,1,0,64.0,Director,Management,34.1,EUROPE,HIGH,company name contains geographic keyword: 'uk',,,
LUK HR,1,0,0,0,1,0,63.0,Executive,Management,33.6,EUROPE,HIGH,company name contains geographic keyword: 'uk',,,
The Hunting Recruiter Oficial,1,1,0,0,0,0,60.0,Recruiter,Recruiting,33.1,GLOBAL_STAFFING,HIGH,company name contains staffing keyword: 'hunting',,,
Timestamp España,2,0,1,0,0,0,59.0,HR,HR,32.2,SPAIN_EU,HIGH,company name contains geographic keyword: 'españa',,,
TI Hunting,1,1,0,0,0,0,57.0,Recruiter,Recruiting,31.6,GLOBAL_STAFFING,HIGH,company name contains staffing keyword: 'hunting',,,
Grupo Boticário,46,1,1,2,1,8,22.2,Other,Other,31.2,BRAZIL,HIGH,company name contains geographic keyword: 'rio',,,
Aubay Portugal,5,1,0,0,1,0,51.2,Other,Management,31.1,EUROPE,HIGH,company name contains geographic keyword: 'portugal',,,
"Direct IT Recruiting Inc., WBE Canada Certified",1,0,0,0,0,0,61.0,Operations,Management,30.6,US_CANADA_NEARSHORE,HIGH,company name contains geographic keyword: 'canada',,,
Zukk,2,0,0,1,0,0,52.5,Hiring Manager,Management,30.4,EUROPE,HIGH,company name contains geographic keyword: 'uk',,,
IT Recruitment Solutions (ITRS.ua) ®,1,1,0,0,0,0,54.0,Recruiter,Recruiting,30.1,GLOBAL_STAFFING,HIGH,company name contains staffing keyword: 'it recruitment',,,
Cirion Technologies,1,0,0,0,1,0,55.0,Director,Management,29.6,BRAZIL,HIGH,company name contains geographic keyword: 'rio',,,
iO Associates - UK/EU,2,0,0,0,1,0,54.0,Consultant,Consulting,29.2,EUROPE,HIGH,company name contains geographic keyword: 'uk',,,
Dadosfera (anteriormente DataSprints),1,0,0,0,1,0,54.0,Executive,Management,29.1,BRAZIL,HIGH,company name contains geographic keyword: 'rio',,,
Randstad Portugal,2,1,0,0,0,0,51.0,Other,Other,28.7,EUROPE,HIGH,company name contains geographic keyword: 'portugal',,,
"DatamanUSA, LLC",1,0,0,0,0,0,57.0,Other,Other,28.6,US_CANADA_NEARSHORE,HIGH,company name contains geographic keyword: 'usa',,,
Priority Ambulance,1,0,1,0,0,0,52.0,Talent Acquisition,Recruiting,28.6,BRAZIL,HIGH,company name contains geographic keyword: 'rio',,,
Rittal Chile,1,0,0,0,0,0,57.0,HR,Management,28.6,LATAM_USD,HIGH,company name contains geographic keyword: 'chile',,,
Gulf Oil NorLATAM,1,0,0,0,0,0,56.0,HR,Management,28.1,LATAM_USD,HIGH,company name contains geographic keyword: 'latam',,,
"North American Production Sharing, Inc",1,1,0,0,0,0,50.0,Recruiter,Recruiting,28.1,US_CANADA_NEARSHORE,HIGH,company name contains geographic keyword: 'north america',,,
Outsourced,1,1,0,0,0,0,50.0,Recruiter,Recruiting,28.1,GLOBAL_STAFFING,HIGH,company name contains staffing keyword: 'outsourc',,,
Price Shoes Mexico,1,0,1,0,0,0,51.0,Talent Acquisition,Recruiting,28.1,LATAM_USD,HIGH,company name contains geographic keyword: 'mexico',,,
QUANTEAM - Portugal (RAINBOW PARTNERS Group),1,0,0,0,0,1,56.0,Data Engineer,Data Engineering,28.1,EUROPE,HIGH,company name contains geographic keyword: 'portugal',,,
SDG Group Mexico,1,1,0,0,0,0,50.0,Recruiter,Recruiting,28.1,LATAM_USD,HIGH,company name contains geographic keyword: 'mexico',,,
Manpower UK,2,0,1,0,0,0,49.5,Operations,Management,27.4,EUROPE,HIGH,company name contains geographic keyword: 'uk',,,
Banco ATLANTICO Europa,1,0,0,0,1,0,50.0,Head of Data,BI,27.1,EUROPE,HIGH,company name contains geographic keyword: 'europa',,,
IT Jobs in Europe by Prometeo Talent,1,0,0,0,1,0,50.0,Executive,Management,27.1,EUROPE,HIGH,company name contains geographic keyword: 'europe',,,
Benchmark,1,0,1,0,0,0,48.0,Talent Acquisition,Recruiting,26.6,GLOBAL_STAFFING,HIGH,company name contains staffing keyword: 'bench',,,
Teleperformance Colombia,1,0,0,0,0,0,52.0,HR,HR,26.1,LATAM_USD,HIGH,company name contains geographic keyword: 'colombia',,,
WorkForce Ecuador,1,0,0,0,0,0,52.0,HR,HR,26.1,LATAM_USD,HIGH,company name contains geographic keyword: 'ecuador',,,
Chicago Atlantic,1,0,0,0,0,0,51.0,HR,HR,25.6,US_CANADA_NEARSHORE,HIGH,company name contains geographic keyword: 'chicago',,,
Gelatina,1,0,0,0,0,0,51.0,Other,Management,25.6,LATAM_USD,HIGH,company name contains geographic keyword: 'latin',,,
Senai São Paulo,3,0,1,0,1,0,40.7,Director,Management,25.2,BRAZIL,HIGH,company name contains geographic keyword: 'são paulo',,,
Arionkoder,1,1,0,0,0,0,44.0,Recruiter,Recruiting,25.1,BRAZIL,HIGH,company name contains geographic keyword: 'rio',,,
Atento Colombia,1,0,0,0,0,0,50.0,Other,Other,25.1,LATAM_USD,HIGH,company name contains geographic keyword: 'colombia',,,
Auren Argentina,1,0,0,0,0,0,50.0,Other,Management,25.1,LATAM_USD,HIGH,company name contains geographic keyword: 'argentina',,,
Centro Universitario UTEG,1,0,1,0,0,0,45.0,Talent Acquisition,Recruiting,25.1,BRAZIL,HIGH,company name contains geographic keyword: 'rio',,,
EHCA - European Healthcare Agency,1,0,1,0,0,0,45.0,Talent Acquisition,Recruiting,25.1,EUROPE,HIGH,company name contains geographic keyword: 'europe',,,
Experis Peru,1,0,0,0,0,0,50.0,Consultant,Consulting,25.1,LATAM_USD,HIGH,company name contains geographic keyword: 'peru',,,
Inspectorio,1,0,1,0,0,0,45.0,Talent Acquisition,Recruiting,25.1,BRAZIL,HIGH,company name contains geographic keyword: 'rio',,,
NESSTEAMS Panama,1,0,0,0,0,0,50.0,Other,Management,25.1,LATAM_USD,HIGH,company name contains geographic keyword: 'panama',,,
Samtel Consultores Colombia,1,0,0,0,0,0,50.0,Other,Other,25.1,LATAM_USD,HIGH,company name contains geographic keyword: 'colombia',,,
Synergym España,1,0,0,0,0,0,50.0,HR,HR,25.1,SPAIN_EU,HIGH,company name contains geographic keyword: 'españa',,,
The Contractor Consultants,1,1,0,0,0,0,44.0,Recruiter,Recruiting,25.1,GLOBAL_STAFFING,HIGH,company name contains staffing keyword: 'contractor',,,
TriOptus,1,1,0,0,0,0,44.0,Recruiter,Recruiting,25.1,BRAZIL,HIGH,company name contains geographic keyword: 'rio',,,
Yazaki Mexico & Central America,1,0,1,0,0,0,45.0,Talent Acquisition,Recruiting,25.1,LATAM_USD,HIGH,company name contains geographic keyword: 'mexico',,,
Huawei Canada,1,0,0,0,0,0,49.0,Other,Other,24.6,US_CANADA_NEARSHORE,HIGH,company name contains geographic keyword: 'canada',,,
JBS USA,1,0,0,0,0,0,49.0,Other,Analytics,24.6,US_CANADA_NEARSHORE,HIGH,company name contains geographic keyword: 'usa',,,
PT. Adisena Mitra Usaha (Beyondtech),1,0,0,0,0,0,49.0,Other,Other,24.6,US_CANADA_NEARSHORE,HIGH,company name contains geographic keyword: 'usa',,,
Prefeitura da Cidade do Recife,1,0,0,0,0,0,49.0,Other,Other,24.6,BRAZIL,HIGH,company name contains geographic keyword: 'recife',,,
Randstad Argentina,1,0,0,0,0,0,49.0,HR,HR,24.6,LATAM_USD,HIGH,company name contains geographic keyword: 'argentina',,,
Walmart Chile,7,0,0,0,1,0,43.4,Other,Other,24.4,LATAM_USD,HIGH,company name contains geographic keyword: 'chile',,,
Experis España,1,0,0,0,0,0,48.0,Consultant,Consulting,24.1,SPAIN_EU,HIGH,company name contains geographic keyword: 'españa',,,
Maruti Suzuki India Limited,1,0,0,0,0,1,48.0,Data Engineer,Data Engineering,24.1,EUROPE,HIGH,company name contains geographic keyword: 'uk',,,
Quorion,1,0,0,0,1,0,44.0,Executive,Management,24.1,BRAZIL,HIGH,company name contains geographic keyword: 'rio',,,
SANY COLOMBIA,1,0,0,0,0,0,48.0,Other,Other,24.1,LATAM_USD,HIGH,company name contains geographic keyword: 'colombia',,,
ScaleAQ Chile,1,0,0,0,0,0,48.0,Other,Management,24.1,LATAM_USD,HIGH,company name contains geographic keyword: 'chile',,,
Manpower España,4,0,0,0,0,0,46.5,Consultant,Consulting,23.6,SPAIN_EU,HIGH,company name contains geographic keyword: 'españa',,,
Grupo Parisien,1,0,0,0,0,0,47.0,Other,Other,23.6,EUROPE,HIGH,company name contains geographic keyword: 'paris',,,
PwC Portugal,1,0,0,0,0,0,47.0,HR,HR,23.6,EUROPE,HIGH,company name contains geographic keyword: 'portugal',,,
Seguros Monterrey New York Life,1,0,0,0,0,0,47.0,Other,Other,23.6,US_CANADA_NEARSHORE,HIGH,company name contains geographic keyword: 'new york',,,
USAA Inc,1,0,0,0,0,1,47.0,Data Analyst,Analytics,23.6,US_CANADA_NEARSHORE,HIGH,company name contains geographic keyword: 'usa',,,
Accenture España,2,0,0,0,0,0,46.5,HR,HR,23.4,SPAIN_EU,HIGH,company name contains geographic keyword: 'españa',,,
Azar Latino,1,0,0,0,0,0,46.0,HR,HR,23.1,LATAM_USD,HIGH,company name contains geographic keyword: 'latin',,,
Bash Chile,1,0,0,0,0,0,46.0,HR,HR,23.1,LATAM_USD,HIGH,company name contains geographic keyword: 'chile',,,
First Hunting RRHH,1,1,0,0,0,0,40.0,Recruiter,HR,23.1,GLOBAL_STAFFING,HIGH,company name contains staffing keyword: 'hunting',,,
Grenzgänger. | Headhunting,1,1,0,0,0,0,40.0,Recruiter,Recruiting,23.1,GLOBAL_STAFFING,HIGH,company name contains staffing keyword: 'headhunting',,,
Lureye Chile,1,0,0,0,0,0,46.0,HR,HR,23.1,LATAM_USD,HIGH,company name contains geographic keyword: 'chile',,,
Outsourced Pro Global,1,0,1,0,0,0,41.0,Talent Acquisition,Recruiting,23.1,GLOBAL_STAFFING,HIGH,company name contains staffing keyword: 'outsourc',,,
Prosperus Club,1,0,0,0,0,0,46.0,HR,HR,23.1,LATAM_USD,HIGH,company name contains geographic keyword: 'peru',,,
RedCLARA - Cooperación Latino Americana de Redes Avanzadas,1,0,0,0,0,0,46.0,HR,HR,23.1,LATAM_USD,HIGH,company name contains geographic keyword: 'latin',,,
Webasto Portugal,1,0,0,0,0,0,46.0,Other,Management,23.1,EUROPE,HIGH,company name contains geographic keyword: 'portugal',,,
Orion Talent,3,2,0,0,0,0,32.7,Recruiter,Recruiting,22.7,BRAZIL,HIGH,company name contains geographic keyword: 'rio',,,
Decskill España,1,0,0,0,0,0,45.0,Other,Management,22.6,SPAIN_EU,HIGH,company name contains geographic keyword: 'españa',,,
Accenture Colombia,3,0,0,0,0,1,43.7,Data Analyst,Analytics,22.2,LATAM_USD,HIGH,company name contains geographic keyword: 'colombia',,,
ManpowerGroup Chile,2,0,0,0,0,0,44.0,Consultant,Consulting,22.2,LATAM_USD,HIGH,company name contains geographic keyword: 'chile',,,
Great Place To Work® Chile,1,0,0,0,0,0,44.0,Consultant,Consulting,22.1,LATAM_USD,HIGH,company name contains geographic keyword: 'chile',,,
Logista Portugal,1,0,0,0,0,0,44.0,HR,HR,22.1,EUROPE,HIGH,company name contains geographic keyword: 'portugal',,,
Autofin Chile,2,0,0,0,0,0,43.5,Other,Management,22.0,LATAM_USD,HIGH,company name contains geographic keyword: 'chile',,,
RCI Latinoamérica,2,0,0,0,0,0,43.5,Other,Other,22.0,LATAM_USD,HIGH,company name contains geographic keyword: 'latin',,,
Accenture Chile,1,0,0,0,0,0,43.0,Other,Management,21.6,LATAM_USD,HIGH,company name contains geographic keyword: 'chile',,,
ECRGROUP® Chile,1,0,0,0,0,0,43.0,Other,Other,21.6,LATAM_USD,HIGH,company name contains geographic keyword: 'chile',,,
Level Executive Search,1,0,0,0,0,0,43.0,Partner,Management,21.6,GLOBAL_STAFFING,HIGH,company name contains staffing keyword: 'executive search',,,
"Plettac Electronics Argentina, S.A",1,0,0,0,0,0,43.0,Other,Other,21.6,LATAM_USD,HIGH,company name contains geographic keyword: 'argentina',,,
Search Latinoamérica,1,0,0,0,0,0,43.0,Other,Other,21.6,LATAM_USD,HIGH,company name contains geographic keyword: 'latin',,,
Dr. Maier + Partner GmbH I Executive Search,1,1,0,0,0,0,36.0,Sourcer,Recruiting,21.1,GLOBAL_STAFFING,HIGH,company name contains staffing keyword: 'executive search',,,
HUNTINGTI,1,0,0,0,0,0,42.0,Founder,Management,21.1,GLOBAL_STAFFING,HIGH,company name contains staffing keyword: 'hunting',,,
Mercadona Portugal,1,0,0,0,0,0,42.0,Software Engineer,Software Engineering,21.1,EUROPE,HIGH,company name contains geographic keyword: 'portugal',,,
Ministério da Gestão e da Inovação em Serviços Públicos,1,0,0,0,0,0,42.0,Other,Other,21.1,BRAZIL,HIGH,company name contains geographic keyword: 'rio',,,
Pousada Tutabel e RPPN - Trancoso (Grupo Zhouse),1,0,0,0,0,0,42.0,Other,Other,21.1,US_CANADA_NEARSHORE,HIGH,company name contains geographic keyword: 'usa',,,
Jusbrasil,4,0,0,0,1,1,37.2,Data Engineer,Management,21.0,BRAZIL,HIGH,company name contains geographic keyword: 'brasil',,,
Clarios,4,0,2,0,0,0,30.5,Other,Recruiting,20.6,BRAZIL,HIGH,company name contains geographic keyword: 'rio',,,
ManpowerGroup Colombia,1,0,0,0,0,0,41.0,Other,Other,20.6,LATAM_USD,HIGH,company name contains geographic keyword: 'colombia',,,
W Executive España,1,0,0,0,0,0,41.0,Other,Management,20.6,SPAIN_EU,HIGH,company name contains geographic keyword: 'españa',,,
World Software Services Mexico,1,0,0,0,0,0,41.0,Consultant,Consulting,20.6,LATAM_USD,HIGH,company name contains geographic keyword: 'mexico',,,
Banco de Chile,1,0,0,0,0,0,40.0,Other,Other,20.1,LATAM_USD,HIGH,company name contains geographic keyword: 'chile',,,
Bosch Chile,1,0,0,0,0,0,40.0,Other,Other,20.1,LATAM_USD,HIGH,company name contains geographic keyword: 'chile',,,
Empresas AquaChile,1,0,0,0,0,0,40.0,Other,Other,20.1,LATAM_USD,HIGH,company name contains geographic keyword: 'chile',,,
Experis Colombia,1,0,0,0,0,0,40.0,Consultant,Consulting,20.1,LATAM_USD,HIGH,company name contains geographic keyword: 'colombia',,,
Green Energy Transport Latin American Spa,1,0,0,0,0,0,40.0,Other,Other,20.1,LATAM_USD,HIGH,company name contains geographic keyword: 'latin',,,
Primus Capital Chile,1,0,0,0,0,0,40.0,Other,Other,20.1,LATAM_USD,HIGH,company name contains geographic keyword: 'chile',,,
SGS Colombia y Centroamérica,1,0,0,0,0,0,40.0,Other,Other,20.1,LATAM_USD,HIGH,company name contains geographic keyword: 'colombia',,,
"TJX Canada – Winners, Marshalls, HomeSense",1,0,0,0,0,0,40.0,Operations,Operations,20.1,US_CANADA_NEARSHORE,HIGH,company name contains geographic keyword: 'canada',,,
EBM Desenvolvimento Imobiliário,1,0,0,0,0,0,39.0,Other,Other,19.6,BRAZIL,HIGH,company name contains geographic keyword: 'rio',,,
EBPÓS-Escola Brasileira de Pós-Graduação,1,0,0,0,0,0,39.0,HR,HR,19.6,BRAZIL,HIGH,company name contains geographic keyword: 'brasil',,,
Everyday Causal Inference,1,0,0,0,0,0,39.0,Other,Other,19.6,US_CANADA_NEARSHORE,HIGH,company name contains geographic keyword: 'usa',,,
smart Europe GmbH,2,0,0,0,1,0,34.5,Head of Data,Management,19.4,EUROPE,HIGH,company name contains geographic keyword: 'europe',,,
Comunidade 10K | Salários de 3 a R$10.000 para pessoas comuns,1,0,0,0,0,0,38.0,Founder,Management,19.1,BRAZIL,HIGH,company name contains geographic keyword: 'rio',,,
Fujifilm España,1,0,0,0,0,0,38.0,Other,Other,19.1,SPAIN_EU,HIGH,company name contains geographic keyword: 'españa',,,
Metalfrio Solutions,1,0,0,0,0,0,38.0,Other,Other,19.1,BRAZIL,HIGH,company name contains geographic keyword: 'rio',,,
SA365 Portugal,1,0,0,0,0,0,38.0,Other,Other,19.1,EUROPE,HIGH,company name contains geographic keyword: 'portugal',,,
SVN Investimentos - Escritório Credenciado à XP Investimentos,2,0,1,0,0,0,32.5,Other,Other,19.0,BRAZIL,HIGH,company name contains geographic keyword: 'rio',,,
Comercializadora de Servicios financieros - Grupo BBVA Colombia,1,0,0,0,0,0,37.0,Other,Other,18.6,LATAM_USD,HIGH,company name contains geographic keyword: 'colombia',,,
Fuerza Aérea de Chile,1,0,0,0,0,0,37.0,Other,Other,18.6,LATAM_USD,HIGH,company name contains geographic keyword: 'chile',,,
Genesys Chile,1,0,0,0,0,0,37.0,Other,Other,18.6,LATAM_USD,HIGH,company name contains geographic keyword: 'chile',,,
Heel Colombia,1,0,0,0,0,0,37.0,Other,Other,18.6,LATAM_USD,HIGH,company name contains geographic keyword: 'colombia',,,
IESLA - Instituto de Educação Superior Latinoamericano,1,0,0,0,0,0,37.0,Other,Other,18.6,BRAZIL,HIGH,company name contains geographic keyword: 'rio',,,
Intuition IT – Intuitive Technology Recruitment,1,0,0,0,0,0,37.0,Consultant,Consulting,18.6,GLOBAL_STAFFING,HIGH,company name contains staffing keyword: 'technology recruitment',,,
MITI_Chile,1,0,0,0,0,0,37.0,Other,Other,18.6,LATAM_USD,HIGH,company name contains geographic keyword: 'chile',,,
Médicos Sin Fronteras Latinoamérica,1,0,0,0,0,0,37.0,Other,Other,18.6,LATAM_USD,HIGH,company name contains geographic keyword: 'latin',,,
OXXO Chile,1,0,0,0,0,0,37.0,Other,Other,18.6,LATAM_USD,HIGH,company name contains geographic keyword: 'chile',,,
Quiero ser Voluntario Chile,1,0,0,0,0,0,37.0,Other,Other,18.6,BRAZIL,HIGH,company name contains geographic keyword: 'rio',,,
Serviphar Chile,1,0,0,0,0,0,37.0,Other,Other,18.6,LATAM_USD,HIGH,company name contains geographic keyword: 'chile',,,
Teamwork Chile,1,0,0,0,0,0,37.0,Other,Other,18.6,LATAM_USD,HIGH,company name contains geographic keyword: 'chile',,,
ENTRERRIOS AUTOMATIZACION S.A,2,0,0,0,1,0,32.5,Director,HR,18.4,BRAZIL,HIGH,company name contains geographic keyword: 'rio',,,
Rioquímica S.A,2,0,0,0,1,0,32.5,Director,HR,18.4,BRAZIL,HIGH,company name contains geographic keyword: 'rio',,,
Infraestruturas de Portugal,1,0,0,0,0,0,36.0,Other,Other,18.1,EUROPE,HIGH,company name contains geographic keyword: 'portugal',,,
VITALY,1,0,0,0,0,0,36.0,HR,HR,18.1,EUROPE,HIGH,company name contains geographic keyword: 'italy',,,
Buk,2,0,0,0,0,0,35.5,Other,Other,18.0,EUROPE,HIGH,company name contains geographic keyword: 'uk',,,
Canada Life UK,1,0,0,0,0,0,35.0,Other,Other,17.6,EUROPE,HIGH,company name contains geographic keyword: 'uk',,,
Aché Laboratórios Farmacêuticos,2,0,0,0,0,0,34.0,HR,Management,17.2,BRAZIL,HIGH,company name contains geographic keyword: 'rio',,,
BEW Berliner Energie und Wärme GmbH,1,0,0,0,0,0,34.0,Other,Other,17.1,EUROPE,HIGH,company name contains geographic keyword: 'berlin',,,
EUROMANAGER - Executive Search,1,0,0,0,0,0,34.0,HR,Consulting,17.1,GLOBAL_STAFFING,HIGH,company name contains staffing keyword: 'executive search',,,
Larmario,1,0,0,0,0,0,34.0,HR,HR,17.1,BRAZIL,HIGH,company name contains geographic keyword: 'rio',,,
SDG Group España,1,0,0,0,0,0,34.0,Other,Other,17.1,SPAIN_EU,HIGH,company name contains geographic keyword: 'españa',,,
TechNET IT Recruitment Ltd,2,0,0,0,0,0,33.5,Consultant,Consulting,17.0,GLOBAL_STAFFING,HIGH,company name contains staffing keyword: 'it recruitment',,,
European Society of Radiology,1,0,0,0,0,0,32.0,HR,Management,16.1,EUROPE,HIGH,company name contains geographic keyword: 'europe',,,
Lapônia - Concessionário de Caminhões e Chassis de Ônibus Volvo,1,0,0,0,0,0,32.0,HR,Management,16.1,BRAZIL,HIGH,company name contains geographic keyword: 'rio',,,
Brasilprev,1,0,0,0,0,0,31.0,Other,Management,15.6,BRAZIL,HIGH,company name contains geographic keyword: 'brasil',,,
DPD Portugal,1,0,0,0,0,0,31.0,Other,Other,15.6,EUROPE,HIGH,company name contains geographic keyword: 'portugal',,,
Schwarz Produktion,1,0,0,0,0,0,31.0,Other,Other,15.6,EUROPE,HIGH,company name contains geographic keyword: 'uk',,,
T1 Digital Consultants Limited | UK's Top Rated Global Talent Visa Endorsement Experts,1,0,0,0,0,0,31.0,Other,Other,15.6,EUROPE,HIGH,company name contains geographic keyword: 'uk',,,
Zukunftsagenten GmbH,1,0,0,0,0,0,31.0,Other,Other,15.6,EUROPE,HIGH,company name contains geographic keyword: 'uk',,,
FARM Rio,1,0,0,0,0,1,30.0,Data Engineer,Data Engineering,15.1,BRAZIL,HIGH,company name contains geographic keyword: 'rio',,,
UNINTER Centro Universitário Internacional,1,0,0,0,0,0,30.0,HR,HR,15.1,BRAZIL,HIGH,company name contains geographic keyword: 'rio',,,
Uklon,1,0,0,0,0,0,30.0,Other,Other,15.1,EUROPE,HIGH,company name contains geographic keyword: 'uk',,,
Lírio do Vale Distribuidora de Artigos Religiosos,1,0,0,0,0,1,29.0,Data Analyst,Analytics,14.6,BRAZIL,HIGH,company name contains geographic keyword: 'rio',,,
Azul Linhas Aéreas Brasileiras,3,0,0,0,0,1,27.7,Other,Analytics,14.2,BRAZIL,HIGH,company name contains geographic keyword: 'brasil',,,
4it Recruitment,1,0,0,0,0,0,28.0,Other,Other,14.1,GLOBAL_STAFFING,HIGH,company name contains staffing keyword: 'it recruitment',,,
Securion,1,0,0,0,0,0,28.0,Other,Management,14.1,BRAZIL,HIGH,company name contains geographic keyword: 'rio',,,
Way&Sat Executive Search,1,0,0,0,0,0,28.0,Other,Other,14.1,GLOBAL_STAFFING,HIGH,company name contains staffing keyword: 'executive search',,,
BP - A Beneficência Portuguesa de São Paulo,1,0,0,0,0,0,27.0,Other,Management,13.6,BRAZIL,HIGH,company name contains geographic keyword: 'são paulo',,,
Berliner Verkehrsbetriebe (BVG),1,0,0,0,0,0,27.0,Other,Other,13.6,EUROPE,HIGH,company name contains geographic keyword: 'berlin',,,
CBSI - Companhia Brasileira de Serviços de Infraestrutura,1,0,0,0,0,0,27.0,Other,Other,13.6,BRAZIL,HIGH,company name contains geographic keyword: 'brasil',,,
Ministério da Cultura,1,0,0,0,0,1,27.0,Data Engineer,Data Engineering,13.6,BRAZIL,HIGH,company name contains geographic keyword: 'rio',,,
Ryanair - Europe's Favourite Airline,1,0,0,0,0,1,27.0,Data Engineer,Data Engineering,13.6,EUROPE,HIGH,company name contains geographic keyword: 'europe',,,
SKILLUP (Ukraine),1,0,0,0,0,0,27.0,Other,Other,13.6,EUROPE,HIGH,company name contains geographic keyword: 'uk',,,
Self-Employed Contractor,1,0,0,0,0,0,27.0,Other,Other,13.6,GLOBAL_STAFFING,HIGH,company name contains staffing keyword: 'contractor',,,
Volksbank eG Überlingen,1,0,0,0,0,0,27.0,Other,Other,13.6,EUROPE,HIGH,company name contains geographic keyword: 'berlin',,,
Brasilseg,1,0,0,0,0,0,26.0,Project / Program Manager,Management,13.1,BRAZIL,HIGH,company name contains geographic keyword: 'brasil',,,
Xperion,1,0,0,0,0,0,26.0,Other,Management,13.1,BRAZIL,HIGH,company name contains geographic keyword: 'rio',,,
Senator Executive Search Partners,3,0,0,0,0,0,25.0,Other,Other,12.8,GLOBAL_STAFFING,HIGH,company name contains staffing keyword: 'executive search',,,
BBVA Technology en Europa,1,0,0,0,0,0,25.0,Other,Analytics,12.6,EUROPE,HIGH,company name contains geographic keyword: 'europa',,,
Centro Universitário Belas Artes de São Paulo,1,0,0,0,0,0,24.0,Other,Other,12.1,BRAZIL,HIGH,company name contains geographic keyword: 'são paulo',,,
DRH Temporários e Terceirizados,1,0,0,0,0,0,24.0,HR,HR,12.1,BRAZIL,HIGH,company name contains geographic keyword: 'rio',,,
Escritório Contábil Metrópole,1,0,0,0,0,0,24.0,HR,HR,12.1,BRAZIL,HIGH,company name contains geographic keyword: 'rio',,,
Grupo Flox RS (O Boticário),1,0,0,0,0,0,24.0,HR,HR,12.1,BRAZIL,HIGH,company name contains geographic keyword: 'rio',,,
Monte Tabor - Centro Ítalo-Brasileiro de Promoção Sanitária,1,0,0,0,0,0,24.0,Other,Other,12.1,BRAZIL,HIGH,company name contains geographic keyword: 'brasil',,,
NetJets Europe,1,0,0,0,0,0,24.0,HR,HR,12.1,EUROPE,HIGH,company name contains geographic keyword: 'europe',,,
Secretaria Municipal da Saúde de São Paulo,1,0,0,0,0,0,24.0,Consultant,Consulting,12.1,BRAZIL,HIGH,company name contains geographic keyword: 'são paulo',,,
TP-Link Chile,1,0,0,0,0,0,24.0,Other,Other,12.1,LATAM_USD,HIGH,company name contains geographic keyword: 'chile',,,
Universidade de São Paulo,1,0,0,0,0,0,24.0,Other,Analytics,12.1,BRAZIL,HIGH,company name contains geographic keyword: 'são paulo',,,
Brio Digital,1,0,0,0,0,0,23.0,Consultant,Consulting,11.6,BRAZIL,HIGH,company name contains geographic keyword: 'rio',,,
Global RIO Serviços,1,0,0,0,0,0,23.0,Software Engineer,Software Engineering,11.6,BRAZIL,HIGH,company name contains geographic keyword: 'rio',,,
Patriot Real Estate,1,0,0,0,0,0,23.0,HR,Management,11.6,BRAZIL,HIGH,company name contains geographic keyword: 'rio',,,
FRED Executive Search,2,0,0,0,0,0,22.5,Consultant,Consulting,11.4,GLOBAL_STAFFING,HIGH,company name contains staffing keyword: 'executive search',,,
Fiesp - Federação das Indústrias do Estado de São Paulo,2,0,0,0,0,0,22.5,Other,Other,11.4,BRAZIL,HIGH,company name contains geographic keyword: 'são paulo',,,
Grife Desenvolvimento Imobiliário,1,0,0,0,0,0,22.0,HR,HR,11.1,BRAZIL,HIGH,company name contains geographic keyword: 'rio',,,
INSTITUIÇÃO BAIANA DE ENSINO SUPERIOR LTDA - UNIDOMPEDRO AFYA (Faculdade DOM PEDRO II),1,0,0,0,0,0,22.0,Other,Other,11.1,BRAZIL,HIGH,company name contains geographic keyword: 'rio',,,
Memorial Park - Parque Cementerio,1,0,0,0,0,0,22.0,HR,HR,11.1,BRAZIL,HIGH,company name contains geographic keyword: 'rio',,,
NEO Executive Search,1,0,0,0,0,0,22.0,Other,Management,11.1,GLOBAL_STAFFING,HIGH,company name contains staffing keyword: 'executive search',,,
NWS Executive Search,1,0,0,0,0,0,22.0,Consultant,Consulting,11.1,GLOBAL_STAFFING,HIGH,company name contains staffing keyword: 'executive search',,,
Brazilcore,1,0,0,0,0,0,21.0,Other,Other,10.6,BRAZIL,HIGH,company name contains geographic keyword: 'brazil',,,
Escritório Braga Contabilidade,1,0,0,0,0,0,21.0,HR,HR,10.6,BRAZIL,HIGH,company name contains geographic keyword: 'rio',,,
Friday Marketing Imobiliário,1,0,0,0,0,0,21.0,HR,HR,10.6,BRAZIL,HIGH,company name contains geographic keyword: 'rio',,,
Hospital São Paulo - Ribeirão Preto,1,0,0,0,0,0,21.0,Other,Other,10.6,BRAZIL,HIGH,company name contains geographic keyword: 'são paulo',,,
IBICT - Instituto Brasileiro de Informação em Ciência e Tecnologia,1,0,0,0,0,0,21.0,Other,Other,10.6,BRAZIL,HIGH,company name contains geographic keyword: 'brasil',,,
KUARIO,1,0,0,0,0,0,21.0,Other,Other,10.6,BRAZIL,HIGH,company name contains geographic keyword: 'rio',,,
PMI São Paulo,1,0,0,0,0,0,21.0,Other,Other,10.6,BRAZIL,HIGH,company name contains geographic keyword: 'são paulo',,,
Senac São Paulo,1,0,0,0,0,0,21.0,Other,Other,10.6,BRAZIL,HIGH,company name contains geographic keyword: 'são paulo',,,
USP - Universidade de São Paulo,1,0,0,0,0,0,21.0,Other,Other,10.6,BRAZIL,HIGH,company name contains geographic keyword: 'são paulo',,,
Centro Universitário Senac,1,0,0,0,0,1,20.0,Data Analyst,Analytics,10.1,BRAZIL,HIGH,company name contains geographic keyword: 'rio',,,
Nexo Laboral Headhunting,1,0,0,0,0,0,20.0,Other,Other,10.1,GLOBAL_STAFFING,HIGH,company name contains staffing keyword: 'headhunting',,,
Rio Ônibus,1,0,0,0,0,0,20.0,HR,HR,10.1,BRAZIL,HIGH,company name contains geographic keyword: 'rio',,,
Talent Replacement | Carreira Internacional,1,0,0,0,0,0,20.0,Operations,Management,10.1,GLOBAL_STAFFING,HIGH,company name contains staffing keyword: 'placement',,,
Alliance Recruitment Agency,1,0,0,0,0,0,18.0,Other,Management,9.1,GLOBAL_STAFFING,HIGH,company name contains staffing keyword: 'recruitment agency',,,
Amplifi (Europe),1,0,0,0,0,0,18.0,Other,Management,9.1,EUROPE,HIGH,company name contains geographic keyword: 'europe',,,
CENTURION FOODS SAS,1,0,0,0,0,0,18.0,Other,Other,9.1,BRAZIL,HIGH,company name contains geographic keyword: 'rio',,,
CIEE Rio,1,0,0,0,0,0,18.0,Other,Management,9.1,BRAZIL,HIGH,company name contains geographic keyword: 'rio',,,
Carbogas Equipamentos Onshore e Offshore,1,0,0,0,0,0,18.0,Other,Other,9.1,GLOBAL_STAFFING,HIGH,company name contains staffing keyword: 'offshore',,,
Centro Universitário São Camilo,1,0,0,0,0,0,18.0,HR,HR,9.1,BRAZIL,HIGH,company name contains geographic keyword: 'rio',,,
Fundo Social de São Paulo,1,0,0,0,0,0,18.0,Other,Other,9.1,BRAZIL,HIGH,company name contains geographic keyword: 'são paulo',,,
LDW Hunting,1,0,0,0,0,0,18.0,Other,Other,9.1,GLOBAL_STAFFING,HIGH,company name contains staffing keyword: 'hunting',,,
Restaurant Brands Europe,1,0,0,0,0,0,18.0,Other,Analytics,9.1,EUROPE,HIGH,company name contains geographic keyword: 'europe',,,
Transbahia Transportes Ltda,1,0,0,0,0,0,18.0,Other,Other,9.1,BRAZIL,HIGH,company name contains geographic keyword: 'bahia',,,
ABTEC Associação Brasileira de Educação e Tecnologia (FIAP),1,0,0,0,0,0,17.0,Other,Other,8.6,BRAZIL,HIGH,company name contains geographic keyword: 'brasil',,,
Centro Universitário Adventista de São Paulo,1,0,0,0,0,0,17.0,Other,Other,8.6,BRAZIL,HIGH,company name contains geographic keyword: 'são paulo',,,
Clube Curitibano,1,0,0,0,0,0,17.0,Other,Other,8.6,BRAZIL,HIGH,company name contains geographic keyword: 'curitiba',,,
Governo do Estado de São Paulo,1,0,0,0,0,0,17.0,Other,Other,8.6,BRAZIL,HIGH,company name contains geographic keyword: 'são paulo',,,
Hospital Regional São Paulo,1,0,0,0,0,0,17.0,Other,Other,8.6,BRAZIL,HIGH,company name contains geographic keyword: 'são paulo',,,
Grupo ARION,2,0,0,0,0,0,16.5,Other,HR,8.4,BRAZIL,HIGH,company name contains geographic keyword: 'rio',,,
European Investment Bank (EIB),1,0,0,0,0,0,16.0,Other,Other,8.1,EUROPE,HIGH,company name contains geographic keyword: 'europe',,,
Consultorio Psicológico Privado - TCC,1,0,0,0,0,0,15.0,Other,Other,7.6,BRAZIL,HIGH,company name contains geographic keyword: 'rio',,,
Europe Careers,1,0,0,0,0,0,15.0,Consultant,Consulting,7.6,EUROPE,HIGH,company name contains geographic keyword: 'europe',,,
Familia en Equilibrio,1,0,0,0,0,0,15.0,Consultant,Consulting,7.6,BRAZIL,HIGH,company name contains geographic keyword: 'rio',,,
PrecNacional Consultoria em Direitos Creditórios,1,0,0,0,0,0,15.0,Software Engineer,Software Engineering,7.6,BRAZIL,HIGH,company name contains geographic keyword: 'rio',,,
TOGNI S/A Materiais Refratários,1,0,0,0,0,0,15.0,Other,Other,7.6,BRAZIL,HIGH,company name contains geographic keyword: 'rio',,,
Associacao Junior Achievement Do Rio Grande Do Sul,1,0,0,0,0,0,13.0,Other,Other,6.6,BRAZIL,HIGH,company name contains geographic keyword: 'rio',,,
ESPM Escola Superior de Propaganda e Marketing,1,0,0,0,0,0,13.0,Other,Other,6.6,BRAZIL,HIGH,company name contains geographic keyword: 'rio',,,
Misión de Observación Electoral de la Unión Europea,1,0,0,0,0,0,13.0,Other,Other,6.6,EUROPE,HIGH,company name contains geographic keyword: 'europe',,,
O Boticário,1,0,0,0,0,0,13.0,Other,Other,6.6,BRAZIL,HIGH,company name contains geographic keyword: 'rio',,,
Centro Universitário FMU | FIAM-FAAM,1,0,0,0,0,0,12.0,Other,Other,6.1,BRAZIL,HIGH,company name contains geographic keyword: 'rio',,,
Consultório de Psicoterapia,1,0,0,0,0,0,12.0,Other,Other,6.1,BRAZIL,HIGH,company name contains geographic keyword: 'rio',,,
Daxtrio,1,0,0,0,0,0,12.0,Other,Other,6.1,BRAZIL,HIGH,company name contains geographic keyword: 'rio',,,
Ministério Público do Estado do Paraná,1,0,0,0,0,0,12.0,Other,Other,6.1,BRAZIL,HIGH,company name contains geographic keyword: 'rio',,,
Pontifícia Universidade Católica do Rio Grande do Sul,1,0,0,0,0,0,12.0,Other,Other,6.1,BRAZIL,HIGH,company name contains geographic keyword: 'rio',,,
UNI7 - Centro Universitário 7 de Setembro,1,0,0,0,0,0,12.0,Other,Other,6.1,BRAZIL,HIGH,company name contains geographic keyword: 'rio',,,
Various Companies,1,0,0,0,0,0,12.0,Other,Other,6.1,BRAZIL,HIGH,company name contains geographic keyword: 'rio',,,
Petrobahia S.A,4,0,0,0,0,1,11.0,Other,Other,5.9,BRAZIL,HIGH,company name contains geographic keyword: 'bahia',,,
Fondazione Policlinico Universitario Agostino Gemelli IRCCS,1,0,0,0,0,0,11.0,Other,Other,5.6,BRAZIL,HIGH,company name contains geographic keyword: 'rio',,,
INCRA - Ministério do Desenvolvimento Agrário,1,0,0,0,0,0,11.0,Other,Other,5.6,BRAZIL,HIGH,company name contains geographic keyword: 'rio',,,
MetrôRio,1,0,0,0,0,0,11.0,Other,Other,5.6,BRAZIL,HIGH,company name contains geographic keyword: 'rio',,,
UniCEUB - Centro Universitário de Brasília,1,0,0,0,0,0,11.0,Other,HR,5.6,BRAZIL,HIGH,company name contains geographic keyword: 'rio',,,
Hospital Rio Grande,1,0,0,0,0,0,9.0,Other,Other,4.6,BRAZIL,HIGH,company name contains geographic keyword: 'rio',,,
"OKÊ Temporários, Terceirização e Tecnologia",1,0,0,0,0,0,9.0,Other,Other,4.6,BRAZIL,HIGH,company name contains geographic keyword: 'rio',,,
ASHRAE Brasília Student Branch,1,0,0,0,0,0,8.0,Other,Other,4.1,BRAZIL,HIGH,company name contains geographic keyword: 'brasília',,,
BVM Headhunting,1,0,0,0,0,0,8.0,Other,Other,4.1,GLOBAL_STAFFING,HIGH,company name contains staffing keyword: 'headhunting',,,
Capriole Coffee Service | B Corp™,1,0,0,0,0,0,8.0,Other,Other,4.1,BRAZIL,HIGH,company name contains geographic keyword: 'rio',,,
Casa e Campo produtos agropecuários LTDA,1,0,0,0,0,0,8.0,Other,Other,4.1,BRAZIL,HIGH,company name contains geographic keyword: 'rio',,,
Centro Universitário SENAI CIMATEC,1,0,0,0,0,0,8.0,Other,Other,4.1,BRAZIL,HIGH,company name contains geographic keyword: 'rio',,,
Clínica de Psicoterapia - Ame Rio Verde-GO,1,0,0,0,0,0,8.0,Other,Other,4.1,BRAZIL,HIGH,company name contains geographic keyword: 'rio',,,
Consultório Particular,1,0,0,0,0,0,8.0,Other,Other,4.1,BRAZIL,HIGH,company name contains geographic keyword: 'rio',,,
Diretório Acadêmico de Engenharia de Produção - DAEP,1,0,0,0,0,0,8.0,Other,Other,4.1,BRAZIL,HIGH,company name contains geographic keyword: 'rio',,,
ECar - Escritório de Desenvolvimento de Carreiras USP,1,0,0,0,0,0,8.0,Other,Other,4.1,BRAZIL,HIGH,company name contains geographic keyword: 'rio',,,
Prefeitura Municipal de Entre Rios,1,0,0,0,0,0,8.0,Other,Other,4.1,BRAZIL,HIGH,company name contains geographic keyword: 'rio',,,
Toledo Prudente Centro Universitário,1,0,0,0,0,0,8.0,Other,Other,4.1,BRAZIL,HIGH,company name contains geographic keyword: 'rio',,,
