metric,value
manual_usd_opportunities,0
auto_suggested_usd_leads,6886
recommended_recruiters_to_contact,3986
recommended_first_outreach,3321
recommended_followups,5452
active_interview_signals,596
manual_applications_sent,0
cv_requested_or_sent_signals,215
recruiters_replied,0
followups_due,401
high_risk_manual_opportunities,0
backup_manual_opportunities,0
high_fit_usd_remote_leads,3699
local_only_onsite_disqualified,24
mexico_local_only_leads,0
remote_latam_contractor_signals,3699
recruiters_with_usd_remote_fit,1681
