organization,status
Oremota,newly followed
Suiteify,newly followed
Ellis Group,newly followed
INSPYR Global Solutions,newly followed
Noblesoft Technologies,newly followed
Lenotis,newly followed
American IT Systems,newly followed
Darwoft,newly followed
Abstra,newly followed
Prosper Global,newly followed
Norlys,newly followed
GlobalTask,newly followed
AIVI,newly followed
AIVI (previously known as 6thStreet),no longer present in current export
Alphabyte AI,no longer present in current export
Associação Comercial do Paraná,no longer present in current export
TRACTIAN,no longer present in current export
Creditsafe,no longer present in current export
LinkedIn Guide to Creating,no longer present in current export
Hotnews.pt,no longer present in current export
JUIT,no longer present in current export
GL events,no longer present in current export
ANDRITZ Brazil,no longer present in current export
Sinapse,no longer present in current export
Talento,no longer present in current export
Options Consulting Solutions,no longer present in current export
