conversation_id_hash,previous_message_count,current_message_count,delta
18428e70ba,1,3,2
644e4ec98b,2,3,1
de1cbf3503,4,5,1
fd18b68789,2,4,2
0dd8dd7d45,29,42,13
600d85e6be,1,3,2
9c8ab2e146,1,2,1
819723278e,1,3,2
63bc91aec4,59,64,5
8c52e80c7e,2,3,1
804333b47e,1,2,1
5e23397bb1,36,52,16
a6cf6872df,1,2,1
6b2cfede61,2,3,1
898d79ca3a,2,3,1
defb6e553c,1,2,1
fccb456bde,23,26,3
429cdcbdbe,6,9,3
d5b32b9f13,1,3,2
565ba7f9cf,1,3,2
e8016205b7,2,4,2
ec04aae508,1,4,3
3173d12de9,4,18,14
b03cf17632,2,3,1
d6d2f1eedd,1,5,4
bd28001936,1,6,5
54b4a0fc60,1,3,2
