category,metric,previous_value,current_value,absolute_delta,percentage_delta
NETWORK,total_connections,12767,12958,191,1.5
NETWORK,high_priority,276,282,6,2.2
NETWORK,medium_priority,4444,4530,86,1.9
NETWORK,actionable_contacts,12644,12836,192,1.5
PERSONAS,recruiters,1523,1571,48,3.2
PERSONAS,talent_acquisition_hr,2670,2729,59,2.2
PERSONAS,hiring_managers,83,85,2,2.4
PERSONAS,data_leaders,967,973,6,0.6
PERSONAS,data_peers,1005,1003,-2,-0.2
STRATEGIC,latam_usd,786,820,34,4.3
STRATEGIC,us_canada_nearshore,265,270,5,1.9
STRATEGIC,spain_eu,200,202,2,1.0
STRATEGIC,europe,232,237,5,2.2
STRATEGIC,global_staffing,519,525,6,1.2
STRATEGIC,global_consulting,998,1018,20,2.0
STRATEGIC,global_tech,922,929,7,0.8
STRATEGIC,global_opportunity,2995,3059,64,2.1
STRATEGIC,needs_company_mapping,2450,2484,34,1.4
MESSAGE_INTELLIGENCE,conversations_analyzed,5524,5726,202,3.7
MESSAGE_INTELLIGENCE,needs_my_response,103,103,0,0.0
MESSAGE_INTELLIGENCE,hot_reactivation,183,195,12,6.6
MESSAGE_INTELLIGENCE,warm_reactivation,1001,1031,30,3.0
MESSAGE_INTELLIGENCE,dormant_warm,157,159,2,1.3
MESSAGE_INTELLIGENCE,follow_ups_due,1239,1272,33,2.7
MESSAGE_INTELLIGENCE,no_response,344,344,0,0.0
MESSAGE_INTELLIGENCE,interview_pipeline,19,21,2,10.5
